StationID,StationName,StationNameEN,StationAttribute,DateTime,AirPressure,AirTemperature,RelativeHumidity,WindSpeed,WindDirection,Precipitation,SunshineDuration
467571,新竹,HSINCHU,署屬有人氣象站,2025-02-01T01:00:00+08:00,1012.7,17.0,97,1.8,"東南東,ESE",1.0,
467571,新竹,HSINCHU,署屬有人氣象站,2025-02-01T02:00:00+08:00,1012.3,17.1,97,1.6,"東南,SE",1.0,
467571,新竹,HSINCHU,署屬有人氣象站,2025-02-01T03:00:00+08:00,1011.7,17.1,98,1.1,"東,E",T,
467571,新竹,HSINCHU,署屬有人氣象站,2025-02-01T04:00:00+08:00,1011.1,17.0,98,1.0,"東南東,ESE",0.0,
467571,新竹,HSINCHU,署屬有人氣象站,2025-02-01T05:00:00+08:00,1011.0,17.1,98,0.4,"南南東,SSE",0.0,
467571,新竹,HSINCHU,署屬有人氣象站,2025-02-01T06:00:00+08:00,1010.7,17.2,98,0.3,"東南東,ESE",0.0,0.0
467571,新竹,HSINCHU,署屬有人氣象站,2025-02-01T07:00:00+08:00,1010.7,17.4,95,0.6,"南南東,SSE",0.0,0.0
467571,新竹,HSINCHU,署屬有人氣象站,2025-02-01T08:00:00+08:00,1011.2,17.5,94,0.7,"西,W",0.0,0.2
467571,新竹,HSINCHU,署屬有人氣象站,2025-02-01T09:00:00+08:00,1011.5,18.4,93,0.2,"靜風,Calm",0.0,0.6
467571,新竹,HSINCHU,署屬有人氣象站,2025-02-01T10:00:00+08:00,1011.8,19.3,87,0.4,"南南西,SSW",0.0,0.0
467571,新竹,HSINCHU,署屬有人氣象站,2025-02-01T11:00:00+08:00,1010.9,21.3,81,0.3,"西,W",0.0,0.1
467571,新竹,HSINCHU,署屬有人氣象站,2025-02-01T12:00:00+08:00,1009.8,23.7,74,0.9,"北北西,NNW",0.0,0.9
467571,新竹,HSINCHU,署屬有人氣象站,2025-02-01T13:00:00+08:00,1009.2,22.4,77,0.6,"西北,NW",0.0,0.5
467571,新竹,HSINCHU,署屬有人氣象站,2025-02-01T14:00:00+08:00,1008.6,21.8,78,2.1,"北北東,NNE",0.0,0.3
467571,新竹,HSINCHU,署屬有人氣象站,2025-02-01T15:00:00+08:00,1007.9,20.2,81,4.2,"北北東,NNE",0.0,0.7
467571,新竹,HSINCHU,署屬有人氣象站,2025-02-01T16:00:00+08:00,1008.2,19.6,84,3.3,"東北東,ENE",0.0,0.5
467571,新竹,HSINCHU,署屬有人氣象站,2025-02-01T17:00:00+08:00,1008.6,18.6,89,1.6,"東北東,ENE",0.0,0.0
467571,新竹,HSINCHU,署屬有人氣象站,2025-02-01T18:00:00+08:00,1008.6,18.2,93,4.3,"北北東,NNE",0.0,0.0
467571,新竹,HSINCHU,署屬有人氣象站,2025-02-01T19:00:00+08:00,1010.2,17.3,94,3.9,"北北東,NNE",1.0,0.0
467571,新竹,HSINCHU,署屬有人氣象站,2025-02-01T20:00:00+08:00,1010.8,16.5,93,3.8,"東北,NE",1.0,
467571,新竹,HSINCHU,署屬有人氣象站,2025-02-01T21:00:00+08:00,1011.1,16.2,93,4.2,"北北東,NNE",T,
467571,新竹,HSINCHU,署屬有人氣象站,2025-02-01T22:00:00+08:00,1011.5,15.9,93,3.9,"北北東,NNE",1.0,
467571,新竹,HSINCHU,署屬有人氣象站,2025-02-01T23:00:00+08:00,1011.9,15.5,93,4.2,"北北東,NNE",T,
467571,新竹,HSINCHU,署屬有人氣象站,2025-02-02T00:00:00+08:00,1011.8,15.3,94,1.7,"東北,NE",0.5,
467571,新竹,HSINCHU,署屬有人氣象站,2025-02-02T01:00:00+08:00,1011.9,15.6,93,1.5,"東北,NE",0.0,
467571,新竹,HSINCHU,署屬有人氣象站,2025-02-02T02:00:00+08:00,1011.4,15.6,94,1.7,"北北東,NNE",0.5,
467571,新竹,HSINCHU,署屬有人氣象站,2025-02-02T03:00:00+08:00,1011.3,15.7,96,0.6,"東北東,ENE",1.0,
467571,新竹,HSINCHU,署屬有人氣象站,2025-02-02T04:00:00+08:00,1011.0,15.6,97,1.3,"北北東,NNE",1.0,
467571,新竹,HSINCHU,署屬有人氣象站,2025-02-02T05:00:00+08:00,1010.9,14.9,96,2.5,"北北東,NNE",0.0,
467571,新竹,HSINCHU,署屬有人氣象站,2025-02-02T06:00:00+08:00,1011.5,15.0,96,2.9,"北北東,NNE",0.0,0.0
467571,新竹,HSINCHU,署屬有人氣象站,2025-02-02T07:00:00+08:00,1012.6,14.8,96,3.1,"北北東,NNE",T,0.0
467571,新竹,HSINCHU,署屬有人氣象站,2025-02-02T08:00:00+08:00,1013.0,14.9,96,2.4,"北北東,NNE",0.0,0.0
467571,新竹,HSINCHU,署屬有人氣象站,2025-02-02T09:00:00+08:00,1013.1,14.8,95,2.3,"北北東,NNE",T,0.0
467571,新竹,HSINCHU,署屬有人氣象站,2025-02-02T10:00:00+08:00,1013.3,15.1,94,3.2,"北北東,NNE",0.0,0.0
467571,新竹,HSINCHU,署屬有人氣象站,2025-02-02T11:00:00+08:00,1012.5,15.3,92,3.3,"北北東,NNE",T,0.0
467571,新竹,HSINCHU,署屬有人氣象站,2025-02-02T12:00:00+08:00,1011.7,15.7,92,2.4,"北北東,NNE",0.0,0.0
467571,新竹,HSINCHU,署屬有人氣象站,2025-02-02T13:00:00+08:00,1010.8,15.9,91,1.9,"北北東,NNE",0.0,0.0
467571,新竹,HSINCHU,署屬有人氣象站,2025-02-02T14:00:00+08:00,1010.1,15.7,92,2.7,"北北東,NNE",0.0,0.0
467571,新竹,HSINCHU,署屬有人氣象站,2025-02-02T15:00:00+08:00,1010.0,15.8,92,2.3,"北,N",0.5,0.0
467571,新竹,HSINCHU,署屬有人氣象站,2025-02-02T16:00:00+08:00,1010.5,15.3,93,3.2,"北,N",0.0,0.0
467571,新竹,HSINCHU,署屬有人氣象站,2025-02-02T17:00:00+08:00,1011.6,15.0,94,3.3,"北,N",T,0.0
467571,新竹,HSINCHU,署屬有人氣象站,2025-02-02T18:00:00+08:00,1011.9,14.9,95,2.2,"北北東,NNE",T,0.0
467571,新竹,HSINCHU,署屬有人氣象站,2025-02-02T19:00:00+08:00,1012.2,14.9,95,2.2,"北北東,NNE",T,0.0
467571,新竹,HSINCHU,署屬有人氣象站,2025-02-02T20:00:00+08:00,1012.9,15.0,95,3.0,"北,N",T,
467571,新竹,HSINCHU,署屬有人氣象站,2025-02-02T21:00:00+08:00,1013.0,15.1,95,3.0,"北,N",T,
467571,新竹,HSINCHU,署屬有人氣象站,2025-02-02T22:00:00+08:00,1013.1,15.3,96,2.4,"北,N",T,
467571,新竹,HSINCHU,署屬有人氣象站,2025-02-02T23:00:00+08:00,1013.4,15.7,95,1.7,"北北東,NNE",0.0,
467571,新竹,HSINCHU,署屬有人氣象站,2025-02-03T00:00:00+08:00,1013.2,15.7,93,2.4,"北,N",0.0,
467571,新竹,HSINCHU,署屬有人氣象站,2025-02-03T01:00:00+08:00,1013.3,15.2,94,3.0,"北北東,NNE",T,
467571,新竹,HSINCHU,署屬有人氣象站,2025-02-03T02:00:00+08:00,1013.5,14.8,95,2.6,"北北東,NNE",T,
467571,新竹,HSINCHU,署屬有人氣象站,2025-02-03T03:00:00+08:00,1013.3,14.6,96,2.9,"北,N",T,
467571,新竹,HSINCHU,署屬有人氣象站,2025-02-03T04:00:00+08:00,1013.4,14.5,96,2.8,"北北東,NNE",0.5,
467571,新竹,HSINCHU,署屬有人氣象站,2025-02-03T05:00:00+08:00,1013.8,14.5,96,2.0,"北北東,NNE",T,
467571,新竹,HSINCHU,署屬有人氣象站,2025-02-03T06:00:00+08:00,1014.7,14.3,95,2.7,"北,N",T,0.0
467571,新竹,HSINCHU,署屬有人氣象站,2025-02-03T07:00:00+08:00,1015.6,13.4,95,3.4,"北,N",T,0.0
467571,新竹,HSINCHU,署屬有人氣象站,2025-02-03T08:00:00+08:00,1016.8,12.9,94,3.8,"北,N",0.5,0.0
467571,新竹,HSINCHU,署屬有人氣象站,2025-02-03T09:00:00+08:00,1017.9,12.5,93,3.9,"北,N",T,0.0
467571,新竹,HSINCHU,署屬有人氣象站,2025-02-03T10:00:00+08:00,1017.9,12.1,93,3.0,"北北東,NNE",T,0.0
467571,新竹,HSINCHU,署屬有人氣象站,2025-02-03T11:00:00+08:00,1017.4,12.2,93,3.5,"北北東,NNE",0.5,0.0
467571,新竹,HSINCHU,署屬有人氣象站,2025-02-03T12:00:00+08:00,1016.9,12.3,92,4.2,"北北東,NNE",T,0.0
467571,新竹,HSINCHU,署屬有人氣象站,2025-02-03T13:00:00+08:00,1016.3,12.3,92,3.2,"北北東,NNE",T,0.0
467571,新竹,HSINCHU,署屬有人氣象站,2025-02-03T14:00:00+08:00,1016.6,12.0,90,3.7,"北,N",T,0.0
467571,新竹,HSINCHU,署屬有人氣象站,2025-02-03T15:00:00+08:00,1017.4,11.0,92,3.6,"北,N",0.5,0.0
467571,新竹,HSINCHU,署屬有人氣象站,2025-02-03T16:00:00+08:00,1017.9,10.4,92,3.9,"北,N",T,0.0
467571,新竹,HSINCHU,署屬有人氣象站,2025-02-03T17:00:00+08:00,1018.7,10.7,88,4.0,"北北東,NNE",T,0.0
467571,新竹,HSINCHU,署屬有人氣象站,2025-02-03T18:00:00+08:00,1019.1,10.3,91,3.6,"北北東,NNE",T,0.0
467571,新竹,HSINCHU,署屬有人氣象站,2025-02-03T19:00:00+08:00,1019.2,10.8,88,3.5,"北北東,NNE",T,0.0
467571,新竹,HSINCHU,署屬有人氣象站,2025-02-03T20:00:00+08:00,1019.4,11.3,87,2.3,"北北東,NNE",T,
467571,新竹,HSINCHU,署屬有人氣象站,2025-02-03T21:00:00+08:00,1019.9,11.5,89,2.8,"北北東,NNE",T,
467571,新竹,HSINCHU,署屬有人氣象站,2025-02-03T22:00:00+08:00,1020.0,11.6,89,2.4,"北北東,NNE",T,
467571,新竹,HSINCHU,署屬有人氣象站,2025-02-03T23:00:00+08:00,1020.2,11.0,92,3.6,"北北東,NNE",T,
467571,新竹,HSINCHU,署屬有人氣象站,2025-02-04T00:00:00+08:00,1020.3,11.2,90,4.3,"北北東,NNE",T,
467571,新竹,HSINCHU,署屬有人氣象站,2025-02-04T01:00:00+08:00,1021.1,11.1,83,4.2,"北北東,NNE",T,
467571,新竹,HSINCHU,署屬有人氣象站,2025-02-04T02:00:00+08:00,1021.1,10.3,87,3.7,"北北東,NNE",0.5,
467571,新竹,HSINCHU,署屬有人氣象站,2025-02-04T03:00:00+08:00,1020.7,10.2,86,4.4,"北北東,NNE",T,
467571,新竹,HSINCHU,署屬有人氣象站,2025-02-04T04:00:00+08:00,1020.5,10.6,82,3.4,"東北,NE",0.0,
467571,新竹,HSINCHU,署屬有人氣象站,2025-02-04T05:00:00+08:00,1020.2,10.7,79,2.8,"東北,NE",0.0,
467571,新竹,HSINCHU,署屬有人氣象站,2025-02-04T06:00:00+08:00,1020.2,10.7,76,2.8,"東北,NE",0.0,0.0
467571,新竹,HSINCHU,署屬有人氣象站,2025-02-04T07:00:00+08:00,1020.3,10.5,78,2.8,"北北東,NNE",0.0,0.0
467571,新竹,HSINCHU,署屬有人氣象站,2025-02-04T08:00:00+08:00,1020.8,11.4,65,3.5,"北北東,NNE",0.5,0.6
467571,新竹,HSINCHU,署屬有人氣象站,2025-02-04T09:00:00+08:00,1020.7,13.0,61,2.2,"北北東,NNE",0.0,1.0
467571,新竹,HSINCHU,署屬有人氣象站,2025-02-04T10:00:00+08:00,1020.0,13.9,55,4.2,"北北東,NNE",0.0,1.0
467571,新竹,HSINCHU,署屬有人氣象站,2025-02-04T11:00:00+08:00,1019.7,15.2,49,3.3,"東北,NE",0.0,1.0
467571,新竹,HSINCHU,署屬有人氣象站,2025-02-04T12:00:00+08:00,1018.7,16.0,46,5.2,"北北東,NNE",0.0,1.0
467571,新竹,HSINCHU,署屬有人氣象站,2025-02-04T13:00:00+08:00,1017.1,15.7,48,5.4,"北北東,NNE",0.0,1.0
467571,新竹,HSINCHU,署屬有人氣象站,2025-02-04T14:00:00+08:00,1016.9,15.6,48,4.2,"北北東,NNE",0.0,1.0
467571,新竹,HSINCHU,署屬有人氣象站,2025-02-04T15:00:00+08:00,1017.0,14.7,50,3.8,"北北東,NNE",0.0,1.0
467571,新竹,HSINCHU,署屬有人氣象站,2025-02-04T16:00:00+08:00,1018.2,13.7,52,5.5,"東北,NE",0.0,1.0
467571,新竹,HSINCHU,署屬有人氣象站,2025-02-04T17:00:00+08:00,1018.6,13.0,56,4.5,"北北東,NNE",0.0,0.7
467571,新竹,HSINCHU,署屬有人氣象站,2025-02-04T18:00:00+08:00,1018.4,12.1,57,2.9,"東北,NE",0.0,0.0
467571,新竹,HSINCHU,署屬有人氣象站,2025-02-04T19:00:00+08:00,1018.4,11.8,56,2.4,"東北,NE",0.0,0.0
467571,新竹,HSINCHU,署屬有人氣象站,2025-02-04T20:00:00+08:00,1018.9,11.7,56,1.6,"東北,NE",0.0,
467571,新竹,HSINCHU,署屬有人氣象站,2025-02-04T21:00:00+08:00,1018.7,11.6,53,2.8,"東北東,ENE",0.0,
467571,新竹,HSINCHU,署屬有人氣象站,2025-02-04T22:00:00+08:00,1018.4,11.8,50,1.9,"東北,NE",0.0,
467571,新竹,HSINCHU,署屬有人氣象站,2025-02-04T23:00:00+08:00,1017.7,12.1,48,2.5,"北北東,NNE",0.0,
467571,新竹,HSINCHU,署屬有人氣象站,2025-02-05T00:00:00+08:00,1017.6,12.3,49,2.0,"北北東,NNE",0.0,
467571,新竹,HSINCHU,署屬有人氣象站,2025-02-05T01:00:00+08:00,1017.7,12.5,48,2.1,"北北東,NNE",0.0,
467571,新竹,HSINCHU,署屬有人氣象站,2025-02-05T02:00:00+08:00,1017.3,12.5,51,1.1,"東北,NE",0.0,
467571,新竹,HSINCHU,署屬有人氣象站,2025-02-05T03:00:00+08:00,1016.9,12.5,52,1.0,"東北東,ENE",0.0,
467571,新竹,HSINCHU,署屬有人氣象站,2025-02-05T04:00:00+08:00,1017.1,12.3,54,1.1,"東,E",0.0,
467571,新竹,HSINCHU,署屬有人氣象站,2025-02-05T05:00:00+08:00,1017.1,12.1,57,0.8,"東北,NE",0.0,
467571,新竹,HSINCHU,署屬有人氣象站,2025-02-05T06:00:00+08:00,1016.9,12.0,60,1.7,"東北東,ENE",0.0,0.0
467571,新竹,HSINCHU,署屬有人氣象站,2025-02-05T07:00:00+08:00,1017.2,12.2,61,1.6,"東北,NE",0.0,0.0
467571,新竹,HSINCHU,署屬有人氣象站,2025-02-05T08:00:00+08:00,1016.9,13.1,59,1.3,"東北,NE",0.0,0.0
467571,新竹,HSINCHU,署屬有人氣象站,2025-02-05T09:00:00+08:00,1016.9,14.7,54,1.9,"北北東,NNE",0.0,0.3
467571,新竹,HSINCHU,署屬有人氣象站,2025-02-05T10:00:00+08:00,1016.6,16.4,48,2.2,"北北東,NNE",0.0,0.3
467571,新竹,HSINCHU,署屬有人氣象站,2025-02-05T11:00:00+08:00,1015.7,18.4,41,1.8,"東,E",0.0,0.6
467571,新竹,HSINCHU,署屬有人氣象站,2025-02-05T12:00:00+08:00,1014.8,18.7,41,2.5,"北北東,NNE",0.0,0.1
467571,新竹,HSINCHU,署屬有人氣象站,2025-02-05T13:00:00+08:00,1014.0,19.1,42,1.9,"北,N",0.0,0.2
467571,新竹,HSINCHU,署屬有人氣象站,2025-02-05T14:00:00+08:00,1013.3,18.9,41,1.0,"東北,NE",0.0,0.2
467571,新竹,HSINCHU,署屬有人氣象站,2025-02-05T15:00:00+08:00,1013.3,18.5,44,1.7,"北北東,NNE",0.0,0.0
467571,新竹,HSINCHU,署屬有人氣象站,2025-02-05T16:00:00+08:00,1013.4,17.9,49,1.5,"北北東,NNE",0.0,0.0
467571,新竹,HSINCHU,署屬有人氣象站,2025-02-05T17:00:00+08:00,1014.0,17.2,52,1.6,"北北東,NNE",0.0,0.0
467571,新竹,HSINCHU,署屬有人氣象站,2025-02-05T18:00:00+08:00,1014.1,16.2,56,2.2,"東北東,ENE",0.0,0.0
467571,新竹,HSINCHU,署屬有人氣象站,2025-02-05T19:00:00+08:00,1014.5,15.2,61,1.1,"東,E",0.0,0.0
467571,新竹,HSINCHU,署屬有人氣象站,2025-02-05T20:00:00+08:00,1015.7,14.6,64,1.4,"北北東,NNE",0.0,
467571,新竹,HSINCHU,署屬有人氣象站,2025-02-05T21:00:00+08:00,1016.0,14.4,64,0.8,"東南東,ESE",0.0,
467571,新竹,HSINCHU,署屬有人氣象站,2025-02-05T22:00:00+08:00,1016.4,14.1,70,0.6,"東北,NE",0.0,
467571,新竹,HSINCHU,署屬有人氣象站,2025-02-05T23:00:00+08:00,1016.1,14.4,69,1.0,"東,E",0.0,
467571,新竹,HSINCHU,署屬有人氣象站,2025-02-06T00:00:00+08:00,1015.8,14.7,67,0.4,"東,E",0.0,
467571,新竹,HSINCHU,署屬有人氣象站,2025-02-06T01:00:00+08:00,1015.4,14.8,68,0.8,"東,E",0.0,
467571,新竹,HSINCHU,署屬有人氣象站,2025-02-06T02:00:00+08:00,1015.0,14.9,71,1.3,"東北東,ENE",0.0,
467571,新竹,HSINCHU,署屬有人氣象站,2025-02-06T03:00:00+08:00,1014.9,14.8,73,0.3,"北北東,NNE",0.0,
467571,新竹,HSINCHU,署屬有人氣象站,2025-02-06T04:00:00+08:00,1014.7,14.7,75,1.2,"東,E",0.0,
467571,新竹,HSINCHU,署屬有人氣象站,2025-02-06T05:00:00+08:00,1014.8,14.6,78,0.9,"東北東,ENE",0.0,
467571,新竹,HSINCHU,署屬有人氣象站,2025-02-06T06:00:00+08:00,1015.3,14.8,78,0.8,"東南東,ESE",0.0,0.0
467571,新竹,HSINCHU,署屬有人氣象站,2025-02-06T07:00:00+08:00,1016.3,14.8,78,0.2,"靜風,Calm",0.0,0.0
467571,新竹,HSINCHU,署屬有人氣象站,2025-02-06T08:00:00+08:00,1016.4,14.9,79,0.7,"東南東,ESE",0.0,0.0
467571,新竹,HSINCHU,署屬有人氣象站,2025-02-06T09:00:00+08:00,1016.8,15.3,79,0.8,"東,E",0.0,0.0
467571,新竹,HSINCHU,署屬有人氣象站,2025-02-06T10:00:00+08:00,1016.7,15.9,76,1.4,"東,E",0.0,0.0
467571,新竹,HSINCHU,署屬有人氣象站,2025-02-06T11:00:00+08:00,1015.6,16.8,73,1.4,"東,E",0.0,0.0
467571,新竹,HSINCHU,署屬有人氣象站,2025-02-06T12:00:00+08:00,1014.4,17.6,70,1.8,"東北東,ENE",0.0,0.0
467571,新竹,HSINCHU,署屬有人氣象站,2025-02-06T13:00:00+08:00,1013.3,19.8,62,0.4,"西北,NW",0.0,0.2
467571,新竹,HSINCHU,署屬有人氣象站,2025-02-06T14:00:00+08:00,1012.4,20.1,56,0.5,"東,SE",0.0,0.0
467571,新竹,HSINCHU,署屬有人氣象站,2025-02-06T15:00:00+08:00,1012.4,19.5,55,0.6,"西南西,WSW",0.0,0.0
467571,新竹,HSINCHU,署屬有人氣象站,2025-02-06T16:00:00+08:00,1012.8,19.1,68,1.9,"東北東,ENE",0.0,0.0
467571,新竹,HSINCHU,署屬有人氣象站,2025-02-06T17:00:00+08:00,1013.5,18.6,70,1.2,"東北東,ENE",0.0,0.0
467571,新竹,HSINCHU,署屬有人氣象站,2025-02-06T18:00:00+08:00,1014.3,17.4,76,1.7,"東北東,ENE",0.0,0.0
467571,新竹,HSINCHU,署屬有人氣象站,2025-02-06T19:00:00+08:00,1015.0,17.0,78,1.5,"東北,NE",0.0,0.0
467571,新竹,HSINCHU,署屬有人氣象站,2025-02-06T20:00:00+08:00,1015.5,16.6,80,0.8,"北北東,NNE",0.0,
467571,新竹,HSINCHU,署屬有人氣象站,2025-02-06T21:00:00+08:00,1015.2,16.3,81,0.8,"東,E",0.0,
467571,新竹,HSINCHU,署屬有人氣象站,2025-02-06T22:00:00+08:00,1015.6,16.5,81,0.9,"北,N",0.0,
467571,新竹,HSINCHU,署屬有人氣象站,2025-02-06T23:00:00+08:00,1016.1,16.0,84,1.7,"北北東,NNE",0.0,
467571,新竹,HSINCHU,署屬有人氣象站,2025-02-07T00:00:00+08:00,1016.2,16.3,86,1.1,"北,N",0.0,
467571,新竹,HSINCHU,署屬有人氣象站,2025-02-07T01:00:00+08:00,1016.7,16.0,89,1.7,"北北東,NNE",0.0,
467571,新竹,HSINCHU,署屬有人氣象站,2025-02-07T02:00:00+08:00,1016.5,15.8,93,1.0,"北北東,NNE",T,
467571,新竹,HSINCHU,署屬有人氣象站,2025-02-07T03:00:00+08:00,1016.1,15.8,95,0.5,"北北東,NNE",T,
467571,新竹,HSINCHU,署屬有人氣象站,2025-02-07T04:00:00+08:00,1016.0,15.2,94,2.2,"北北東,NNE",T,
467571,新竹,HSINCHU,署屬有人氣象站,2025-02-07T05:00:00+08:00,1016.8,14.0,94,3.7,"北北東,NNE",T,
467571,新竹,HSINCHU,署屬有人氣象站,2025-02-07T06:00:00+08:00,1017.3,13.8,93,3.1,"北北東,NNE",T,0.0
467571,新竹,HSINCHU,署屬有人氣象站,2025-02-07T07:00:00+08:00,1017.6,13.7,92,3.7,"北北東,NNE",0.0,0.0
467571,新竹,HSINCHU,署屬有人氣象站,2025-02-07T08:00:00+08:00,1018.3,13.8,90,3.2,"北北東,NNE",T,0.0
467571,新竹,HSINCHU,署屬有人氣象站,2025-02-07T09:00:00+08:00,1019.5,14.0,88,3.7,"北北東,NNE",0.0,0.0
467571,新竹,HSINCHU,署屬有人氣象站,2025-02-07T10:00:00+08:00,1019.7,14.1,88,3.5,"東北,NE",0.0,0.0
467571,新竹,HSINCHU,署屬有人氣象站,2025-02-07T11:00:00+08:00,1018.9,13.9,87,3.8,"北北東,NNE",0.0,0.0
467571,新竹,HSINCHU,署屬有人氣象站,2025-02-07T12:00:00+08:00,1018.6,13.5,86,4.7,"北北東,NNE",0.0,0.0
467571,新竹,HSINCHU,署屬有人氣象站,2025-02-07T13:00:00+08:00,1018.2,14.1,80,4.5,"東北,NE",0.0,0.0
467571,新竹,HSINCHU,署屬有人氣象站,2025-02-07T14:00:00+08:00,1017.8,13.2,85,4.8,"北北東,NNE",T,0.0
467571,新竹,HSINCHU,署屬有人氣象站,2025-02-07T15:00:00+08:00,1018.4,12.1,84,4.9,"東北,NE",T,0.0
467571,新竹,HSINCHU,署屬有人氣象站,2025-02-07T16:00:00+08:00,1019.2,12.5,70,4.6,"東北,NE",0.0,0.0
467571,新竹,HSINCHU,署屬有人氣象站,2025-02-07T17:00:00+08:00,1020.2,12.7,64,3.3,"東北,NE",0.0,0.0
467571,新竹,HSINCHU,署屬有人氣象站,2025-02-07T18:00:00+08:00,1020.7,12.4,64,3.5,"北北東,NNE",0.0,0.0
467571,新竹,HSINCHU,署屬有人氣象站,2025-02-07T19:00:00+08:00,1021.5,12.2,68,4.7,"東北,NE",0.0,0.0
467571,新竹,HSINCHU,署屬有人氣象站,2025-02-07T20:00:00+08:00,1022.2,11.8,71,4.3,"北北東,NNE",0.0,
467571,新竹,HSINCHU,署屬有人氣象站,2025-02-07T21:00:00+08:00,1022.2,12.0,70,2.7,"北北東,NNE",0.0,
467571,新竹,HSINCHU,署屬有人氣象站,2025-02-07T22:00:00+08:00,1021.8,12.1,72,3.0,"北北東,NNE",0.0,
467571,新竹,HSINCHU,署屬有人氣象站,2025-02-07T23:00:00+08:00,1021.6,11.4,81,4.9,"北北東,NNE",0.0,
467571,新竹,HSINCHU,署屬有人氣象站,2025-02-08T00:00:00+08:00,1022.1,11.2,81,4.3,"北北東,NNE",0.0,
467571,新竹,HSINCHU,署屬有人氣象站,2025-02-08T01:00:00+08:00,1021.8,10.7,84,4.3,"北北東,NNE",0.0,
467571,新竹,HSINCHU,署屬有人氣象站,2025-02-08T02:00:00+08:00,1021.5,10.7,81,3.7,"北北東,NNE",0.0,
467571,新竹,HSINCHU,署屬有人氣象站,2025-02-08T03:00:00+08:00,1021.7,10.6,74,3.9,"北北東,NNE",0.0,
467571,新竹,HSINCHU,署屬有人氣象站,2025-02-08T04:00:00+08:00,1022.2,10.3,76,3.8,"北北東,NNE",T,
467571,新竹,HSINCHU,署屬有人氣象站,2025-02-08T05:00:00+08:00,1022.0,10.3,76,3.2,"東北,NE",T,
467571,新竹,HSINCHU,署屬有人氣象站,2025-02-08T06:00:00+08:00,1022.1,10.3,76,3.2,"東北,NE",0.0,0.0
467571,新竹,HSINCHU,署屬有人氣象站,2025-02-08T07:00:00+08:00,1022.5,10.3,72,4.0,"東北,NE",0.0,0.0
467571,新竹,HSINCHU,署屬有人氣象站,2025-02-08T08:00:00+08:00,1023.1,10.6,67,3.0,"北北東,NNE",0.0,0.0
467571,新竹,HSINCHU,署屬有人氣象站,2025-02-08T09:00:00+08:00,1024.1,10.6,62,4.1,"北北東,NNE",0.0,0.0
467571,新竹,HSINCHU,署屬有人氣象站,2025-02-08T10:00:00+08:00,1024.4,10.4,59,5.5,"北北東,NNE",0.0,0.0
467571,新竹,HSINCHU,署屬有人氣象站,2025-02-08T11:00:00+08:00,1024.3,10.1,59,4.7,"北北東,NNE",0.0,0.0
467571,新竹,HSINCHU,署屬有人氣象站,2025-02-08T12:00:00+08:00,1023.5,10.2,58,5.3,"東北,NE",0.0,0.0
467571,新竹,HSINCHU,署屬有人氣象站,2025-02-08T13:00:00+08:00,1022.6,9.9,58,4.4,"北北東,NNE",0.0,0.0
467571,新竹,HSINCHU,署屬有人氣象站,2025-02-08T14:00:00+08:00,1022.0,9.9,58,3.6,"北北東,NNE",0.0,0.0
467571,新竹,HSINCHU,署屬有人氣象站,2025-02-08T15:00:00+08:00,1022.1,9.9,62,4.1,"東北,NE",0.0,0.0
467571,新竹,HSINCHU,署屬有人氣象站,2025-02-08T16:00:00+08:00,1021.9,9.9,62,3.8,"東北,NE",0.0,0.0
467571,新竹,HSINCHU,署屬有人氣象站,2025-02-08T17:00:00+08:00,1022.4,9.7,63,5.3,"北北東,NNE",0.0,0.0
467571,新竹,HSINCHU,署屬有人氣象站,2025-02-08T18:00:00+08:00,1023.0,9.1,69,4.2,"北北東,NNE",0.0,0.0
467571,新竹,HSINCHU,署屬有人氣象站,2025-02-08T19:00:00+08:00,1023.0,9.0,71,3.1,"北北東,NNE",0.0,0.0
467571,新竹,HSINCHU,署屬有人氣象站,2025-02-08T20:00:00+08:00,1022.9,9.6,65,2.7,"東北,NE",0.0,
467571,新竹,HSINCHU,署屬有人氣象站,2025-02-08T21:00:00+08:00,1022.9,10.0,63,2.3,"北北東,NNE",0.0,
467571,新竹,HSINCHU,署屬有人氣象站,2025-02-08T22:00:00+08:00,1022.7,10.0,65,3.6,"北北東,NNE",0.0,
467571,新竹,HSINCHU,署屬有人氣象站,2025-02-08T23:00:00+08:00,1022.3,10.3,65,4.1,"東北,NE",0.0,
467571,新竹,HSINCHU,署屬有人氣象站,2025-02-09T00:00:00+08:00,1022.3,10.5,64,3.3,"東北,NE",0.0,
467571,新竹,HSINCHU,署屬有人氣象站,2025-02-09T01:00:00+08:00,1022.5,10.5,65,3.2,"北北東,NNE",0.0,
467571,新竹,HSINCHU,署屬有人氣象站,2025-02-09T02:00:00+08:00,1022.7,10.4,67,3.1,"北北東,NNE",0.0,
467571,新竹,HSINCHU,署屬有人氣象站,2025-02-09T03:00:00+08:00,1022.8,10.4,70,2.5,"東北,NE",0.0,
467571,新竹,HSINCHU,署屬有人氣象站,2025-02-09T04:00:00+08:00,1022.5,10.1,75,2.4,"東北,NE",0.0,
467571,新竹,HSINCHU,署屬有人氣象站,2025-02-09T05:00:00+08:00,1022.9,9.9,80,2.6,"東北,NE",0.0,
467571,新竹,HSINCHU,署屬有人氣象站,2025-02-09T06:00:00+08:00,1023.3,10.1,82,1.9,"東北,NE",0.0,0.0
467571,新竹,HSINCHU,署屬有人氣象站,2025-02-09T07:00:00+08:00,1023.3,10.2,82,2.6,"東北,NE",0.0,0.0
467571,新竹,HSINCHU,署屬有人氣象站,2025-02-09T08:00:00+08:00,1023.3,10.6,81,2.0,"東北,NE",0.0,0.0
467571,新竹,HSINCHU,署屬有人氣象站,2025-02-09T09:00:00+08:00,1023.2,11.9,74,2.4,"北北東,NNE",0.0,0.0
467571,新竹,HSINCHU,署屬有人氣象站,2025-02-09T10:00:00+08:00,1022.6,12.8,68,4.6,"北北東,NNE",0.0,0.1
467571,新竹,HSINCHU,署屬有人氣象站,2025-02-09T11:00:00+08:00,1022.1,13.6,65,3.7,"北北東,NNE",0.0,0.0
467571,新竹,HSINCHU,署屬有人氣象站,2025-02-09T12:00:00+08:00,1021.5,13.5,64,4.5,"北北東,NNE",0.0,0.0
467571,新竹,HSINCHU,署屬有人氣象站,2025-02-09T13:00:00+08:00,1020.5,13.3,65,4.4,"東北,NE",0.0,0.0
467571,新竹,HSINCHU,署屬有人氣象站,2025-02-09T14:00:00+08:00,1019.1,12.8,66,4.6,"北北東,NNE",0.0,0.0
467571,新竹,HSINCHU,署屬有人氣象站,2025-02-09T15:00:00+08:00,1018.1,13.1,65,2.9,"北北東,NNE",0.0,0.1
467571,新竹,HSINCHU,署屬有人氣象站,2025-02-09T16:00:00+08:00,1018.7,12.5,66,4.0,"北北東,NNE",0.0,0.0
467571,新竹,HSINCHU,署屬有人氣象站,2025-02-09T17:00:00+08:00,1019.4,12.2,66,4.1,"北北東,NNE",0.0,0.0
467571,新竹,HSINCHU,署屬有人氣象站,2025-02-09T18:00:00+08:00,1019.8,11.7,69,2.6,"北北東,NNE",0.0,0.0
467571,新竹,HSINCHU,署屬有人氣象站,2025-02-09T19:00:00+08:00,1019.8,11.8,70,2.7,"東北,NE",0.0,0.0
467571,新竹,HSINCHU,署屬有人氣象站,2025-02-09T20:00:00+08:00,1019.8,11.7,70,2.5,"東北,NE",0.0,
467571,新竹,HSINCHU,署屬有人氣象站,2025-02-09T21:00:00+08:00,1020.1,11.9,69,3.2,"東北,NE",0.0,
467571,新竹,HSINCHU,署屬有人氣象站,2025-02-09T22:00:00+08:00,1020.2,12.1,68,1.0,"東北東,ENE",0.0,
467571,新竹,HSINCHU,署屬有人氣象站,2025-02-09T23:00:00+08:00,1020.1,12.2,68,1.7,"東北東,ENE",0.0,
467571,新竹,HSINCHU,署屬有人氣象站,2025-02-10T00:00:00+08:00,1019.8,12.5,68,0.9,"東北東,ENE",0.0,
467571,新竹,HSINCHU,署屬有人氣象站,2025-02-10T01:00:00+08:00,1019.9,12.4,69,1.0,"東北東,ENE",0.0,
467571,新竹,HSINCHU,署屬有人氣象站,2025-02-10T02:00:00+08:00,1019.3,11.9,73,0.3,"東,E",0.0,
467571,新竹,HSINCHU,署屬有人氣象站,2025-02-10T03:00:00+08:00,1018.9,12.8,70,0.7,"東,E",0.0,
467571,新竹,HSINCHU,署屬有人氣象站,2025-02-10T04:00:00+08:00,1018.8,12.9,70,0.1,"靜風,Calm",0.0,
467571,新竹,HSINCHU,署屬有人氣象站,2025-02-10T05:00:00+08:00,1019.1,12.5,76,0.0,"靜風,Calm",0.0,
467571,新竹,HSINCHU,署屬有人氣象站,2025-02-10T06:00:00+08:00,1019.7,12.6,76,0.2,"靜風,Calm",0.0,0.0
467571,新竹,HSINCHU,署屬有人氣象站,2025-02-10T07:00:00+08:00,1020.2,12.8,76,0.2,"靜風,Calm",0.0,0.0
467571,新竹,HSINCHU,署屬有人氣象站,2025-02-10T08:00:00+08:00,1020.4,13.9,71,0.3,"東,E",0.0,0.0
467571,新竹,HSINCHU,署屬有人氣象站,2025-02-10T09:00:00+08:00,1020.2,16.5,64,1.2,"東北東,ENE",0.0,0.6
467571,新竹,HSINCHU,署屬有人氣象站,2025-02-10T10:00:00+08:00,1019.7,18.3,54,1.0,"東北東,ENE",0.0,1.0
467571,新竹,HSINCHU,署屬有人氣象站,2025-02-10T11:00:00+08:00,1019.2,20.1,50,1.7,"北,N",0.0,1.0
467571,新竹,HSINCHU,署屬有人氣象站,2025-02-10T12:00:00+08:00,1018.6,20.2,49,3.1,"北,N",0.0,1.0
467571,新竹,HSINCHU,署屬有人氣象站,2025-02-10T13:00:00+08:00,1017.2,20.6,50,2.4,"北,N",0.0,1.0
467571,新竹,HSINCHU,署屬有人氣象站,2025-02-10T14:00:00+08:00,1016.2,21.4,49,1.6,"北北東,NNE",0.0,1.0
467571,新竹,HSINCHU,署屬有人氣象站,2025-02-10T15:00:00+08:00,1015.7,20.4,52,3.0,"北,N",0.0,1.0
467571,新竹,HSINCHU,署屬有人氣象站,2025-02-10T16:00:00+08:00,1015.6,20.1,52,2.6,"北,N",0.0,1.0
467571,新竹,HSINCHU,署屬有人氣象站,2025-02-10T17:00:00+08:00,1016.1,19.7,50,2.0,"東北,NE",0.0,0.7
467571,新竹,HSINCHU,署屬有人氣象站,2025-02-10T18:00:00+08:00,1016.4,17.9,59,1.3,"東,E",0.0,0.0
467571,新竹,HSINCHU,署屬有人氣象站,2025-02-10T19:00:00+08:00,1016.8,16.6,64,1.7,"東,E",0.0,0.0
467571,新竹,HSINCHU,署屬有人氣象站,2025-02-10T20:00:00+08:00,1017.3,16.2,67,1.0,"東北東,ENE",0.0,
467571,新竹,HSINCHU,署屬有人氣象站,2025-02-10T21:00:00+08:00,1017.3,16.0,68,1.0,"東,E",0.0,
467571,新竹,HSINCHU,署屬有人氣象站,2025-02-10T22:00:00+08:00,1017.4,15.2,73,0.8,"東北東,ENE",0.0,
467571,新竹,HSINCHU,署屬有人氣象站,2025-02-10T23:00:00+08:00,1017.5,14.9,75,0.1,"靜風,Calm",0.0,
467571,新竹,HSINCHU,署屬有人氣象站,2025-02-11T00:00:00+08:00,1017.7,14.1,80,0.2,"靜風,Calm",0.0,
467571,新竹,HSINCHU,署屬有人氣象站,2025-02-11T01:00:00+08:00,1017.6,13.7,81,0.3,"東南,SE",0.0,
467571,新竹,HSINCHU,署屬有人氣象站,2025-02-11T02:00:00+08:00,1017.4,13.1,86,0.3,"東,E",0.0,
467571,新竹,HSINCHU,署屬有人氣象站,2025-02-11T03:00:00+08:00,1017.0,12.9,85,1.1,"東南東,ESE",0.0,
467571,新竹,HSINCHU,署屬有人氣象站,2025-02-11T04:00:00+08:00,1016.7,12.5,86,1.2,"東北,NE",0.0,
467571,新竹,HSINCHU,署屬有人氣象站,2025-02-11T05:00:00+08:00,1016.8,12.2,87,1.2,"東北東,ENE",0.0,
467571,新竹,HSINCHU,署屬有人氣象站,2025-02-11T06:00:00+08:00,1016.9,12.0,88,0.8,"東北東,ENE",0.0,0.0
467571,新竹,HSINCHU,署屬有人氣象站,2025-02-11T07:00:00+08:00,1017.2,12.1,87,0.5,"東北東,ENE",0.0,0.0
467571,新竹,HSINCHU,署屬有人氣象站,2025-02-11T08:00:00+08:00,1017.3,13.7,80,0.8,"東南東,ESE",0.0,0.7
467571,新竹,HSINCHU,署屬有人氣象站,2025-02-11T09:00:00+08:00,1017.4,17.2,68,0.6,"南南東,SSE",0.0,1.0
467571,新竹,HSINCHU,署屬有人氣象站,2025-02-11T10:00:00+08:00,1017.6,18.9,65,1.2,"西北,NW",0.0,1.0
467571,新竹,HSINCHU,署屬有人氣象站,2025-02-11T11:00:00+08:00,1017.6,19.3,64,1.8,"西北西,WNW",0.0,1.0
467571,新竹,HSINCHU,署屬有人氣象站,2025-02-11T12:00:00+08:00,1016.5,20.2,61,1.4,"西,W",0.0,1.0
467571,新竹,HSINCHU,署屬有人氣象站,2025-02-11T13:00:00+08:00,1015.5,21.2,55,2.0,"西,W",0.0,1.0
467571,新竹,HSINCHU,署屬有人氣象站,2025-02-11T14:00:00+08:00,1014.5,22.1,49,1.5,"西北西,WNW",0.0,1.0
467571,新竹,HSINCHU,署屬有人氣象站,2025-02-11T15:00:00+08:00,1013.9,22.6,56,1.8,"西北西,WNW",0.0,1.0
467571,新竹,HSINCHU,署屬有人氣象站,2025-02-11T16:00:00+08:00,1013.5,20.2,71,1.1,"西北,NW",0.0,1.0
467571,新竹,HSINCHU,署屬有人氣象站,2025-02-11T17:00:00+08:00,1013.7,18.5,81,0.9,"北北西,NNW",0.0,0.7
467571,新竹,HSINCHU,署屬有人氣象站,2025-02-11T18:00:00+08:00,1014.3,17.9,84,1.0,"北,N",0.0,0.0
467571,新竹,HSINCHU,署屬有人氣象站,2025-02-11T19:00:00+08:00,1015.0,17.4,89,0.6,"西,W",0.0,0.0
467571,新竹,HSINCHU,署屬有人氣象站,2025-02-11T20:00:00+08:00,1015.5,17.1,92,1.0,"西,W",0.0,
467571,新竹,HSINCHU,署屬有人氣象站,2025-02-11T21:00:00+08:00,1015.9,16.6,94,0.3,"西北,NW",0.0,
467571,新竹,HSINCHU,署屬有人氣象站,2025-02-11T22:00:00+08:00,1015.7,16.7,94,0.4,"西北西,WNW",0.0,
467571,新竹,HSINCHU,署屬有人氣象站,2025-02-11T23:00:00+08:00,1015.5,16.7,94,0.3,"南南西,SSW",0.0,
467571,新竹,HSINCHU,署屬有人氣象站,2025-02-12T00:00:00+08:00,1015.9,16.2,94,1.0,"西北西,WNW",0.0,
467571,新竹,HSINCHU,署屬有人氣象站,2025-02-12T01:00:00+08:00,1015.7,15.8,95,0.5,"西北西,WNW",0.0,
467571,新竹,HSINCHU,署屬有人氣象站,2025-02-12T02:00:00+08:00,1015.8,15.5,96,0.7,"西北西,WNW",0.0,
467571,新竹,HSINCHU,署屬有人氣象站,2025-02-12T03:00:00+08:00,1015.8,15.5,97,0.4,"西北西,WNW",0.0,
467571,新竹,HSINCHU,署屬有人氣象站,2025-02-12T04:00:00+08:00,1015.4,15.5,97,0.4,"東,SE",T,
467571,新竹,HSINCHU,署屬有人氣象站,2025-02-12T05:00:00+08:00,1015.6,15.7,96,0.1,"靜風,Calm",0.0,
467571,新竹,HSINCHU,署屬有人氣象站,2025-02-12T06:00:00+08:00,1016.1,16.0,96,0.1,"靜風,Calm",0.0,0.0
467571,新竹,HSINCHU,署屬有人氣象站,2025-02-12T07:00:00+08:00,1016.2,16.1,95,0.6,"北北東,NNE",0.0,0.0
467571,新竹,HSINCHU,署屬有人氣象站,2025-02-12T08:00:00+08:00,1016.6,16.0,95,0.8,"北北東,NNE",0.0,0.0
467571,新竹,HSINCHU,署屬有人氣象站,2025-02-12T09:00:00+08:00,1016.6,17.0,93,0.3,"北北東,NNE",0.0,0.0
467571,新竹,HSINCHU,署屬有人氣象站,2025-02-12T10:00:00+08:00,1016.4,18.6,86,0.3,"東,E",0.0,0.0
467571,新竹,HSINCHU,署屬有人氣象站,2025-02-12T11:00:00+08:00,1015.7,19.9,83,0.6,"東南東,ESE",T,0.0
467571,新竹,HSINCHU,署屬有人氣象站,2025-02-12T12:00:00+08:00,1014.5,20.5,88,0.4,"東南,SE",T,0.0
467571,新竹,HSINCHU,署屬有人氣象站,2025-02-12T13:00:00+08:00,1013.5,20.9,84,0.2,"靜風,Calm",T,0.0
467571,新竹,HSINCHU,署屬有人氣象站,2025-02-12T14:00:00+08:00,1013.1,21.2,85,0.1,"靜風,Calm",0.5,0.0
467571,新竹,HSINCHU,署屬有人氣象站,2025-02-12T15:00:00+08:00,1013.0,18.7,96,1.3,"西北,NW",T,0.0
467571,新竹,HSINCHU,署屬有人氣象站,2025-02-12T16:00:00+08:00,1013.1,18.2,96,1.2,"西北西,WNW",T,0.0
467571,新竹,HSINCHU,署屬有人氣象站,2025-02-12T17:00:00+08:00,1014.3,17.7,97,1.3,"西北西,WNW",0.5,0.0
467571,新竹,HSINCHU,署屬有人氣象站,2025-02-12T18:00:00+08:00,1015.0,16.7,98,0.4,"北北西,NNW",1.0,0.0
467571,新竹,HSINCHU,署屬有人氣象站,2025-02-12T19:00:00+08:00,1015.7,16.2,98,0.7,"北,N",2.5,0.0
467571,新竹,HSINCHU,署屬有人氣象站,2025-02-12T20:00:00+08:00,1016.3,16.3,98,1.5,"東北,NE",2.5,
467571,新竹,HSINCHU,署屬有人氣象站,2025-02-12T21:00:00+08:00,1016.7,16.7,98,0.3,"西,W",3.5,
467571,新竹,HSINCHU,署屬有人氣象站,2025-02-12T22:00:00+08:00,1016.6,16.9,99,0.6,"東北,NE",2.0,
467571,新竹,HSINCHU,署屬有人氣象站,2025-02-12T23:00:00+08:00,1016.9,17.0,99,0.4,"東北,NE",2.0,
467571,新竹,HSINCHU,署屬有人氣象站,2025-02-13T00:00:00+08:00,1017.0,17.1,99,0.7,"北北東,NNE",3.0,
467571,新竹,HSINCHU,署屬有人氣象站,2025-02-13T01:00:00+08:00,1016.8,16.2,99,2.4,"北北東,NNE",2.0,
467571,新竹,HSINCHU,署屬有人氣象站,2025-02-13T02:00:00+08:00,1016.5,15.5,97,3.0,"北北東,NNE",1.0,
467571,新竹,HSINCHU,署屬有人氣象站,2025-02-13T03:00:00+08:00,1016.4,14.9,96,2.7,"東北,NE",0.5,
467571,新竹,HSINCHU,署屬有人氣象站,2025-02-13T04:00:00+08:00,1017.1,15.0,94,2.2,"北北東,NNE",0.5,
467571,新竹,HSINCHU,署屬有人氣象站,2025-02-13T05:00:00+08:00,1016.8,14.2,95,3.3,"北北東,NNE",1.5,
467571,新竹,HSINCHU,署屬有人氣象站,2025-02-13T06:00:00+08:00,1017.8,13.9,95,2.6,"北北東,NNE",3.5,0.0
467571,新竹,HSINCHU,署屬有人氣象站,2025-02-13T07:00:00+08:00,1018.2,13.7,95,2.5,"東北,NE",5.5,0.0
467571,新竹,HSINCHU,署屬有人氣象站,2025-02-13T08:00:00+08:00,1018.9,13.5,93,3.8,"東北,NE",6.0,0.0
467571,新竹,HSINCHU,署屬有人氣象站,2025-02-13T09:00:00+08:00,1018.5,13.7,91,3.5,"東北,NE",3.0,0.0
467571,新竹,HSINCHU,署屬有人氣象站,2025-02-13T10:00:00+08:00,1017.8,14.1,89,3.8,"北北東,NNE",T,0.0
467571,新竹,HSINCHU,署屬有人氣象站,2025-02-13T11:00:00+08:00,1016.8,15.0,88,3.4,"東北,NE",T,0.0
467571,新竹,HSINCHU,署屬有人氣象站,2025-02-13T12:00:00+08:00,1016.8,15.7,84,4.0,"北北東,NNE",T,0.0
467571,新竹,HSINCHU,署屬有人氣象站,2025-02-13T13:00:00+08:00,1016.3,15.9,80,2.5,"東北,NE",0.0,0.0
467571,新竹,HSINCHU,署屬有人氣象站,2025-02-13T14:00:00+08:00,1015.4,16.4,73,3.6,"東北,NE",0.0,0.0
467571,新竹,HSINCHU,署屬有人氣象站,2025-02-13T15:00:00+08:00,1015.2,16.2,75,4.3,"東北,NE",0.0,0.0
467571,新竹,HSINCHU,署屬有人氣象站,2025-02-13T16:00:00+08:00,1015.6,15.6,81,3.6,"北北東,NNE",0.0,0.0
467571,新竹,HSINCHU,署屬有人氣象站,2025-02-13T17:00:00+08:00,1015.9,15.0,83,3.1,"北北東,NNE",0.0,0.0
467571,新竹,HSINCHU,署屬有人氣象站,2025-02-13T18:00:00+08:00,1016.3,14.9,83,2.3,"北北東,NNE",0.0,0.0
467571,新竹,HSINCHU,署屬有人氣象站,2025-02-13T19:00:00+08:00,1016.3,15.0,80,3.9,"東北,NE",0.0,0.0
467571,新竹,HSINCHU,署屬有人氣象站,2025-02-13T20:00:00+08:00,1016.3,14.9,79,2.8,"北北東,NNE",0.0,
467571,新竹,HSINCHU,署屬有人氣象站,2025-02-13T21:00:00+08:00,1016.8,15.0,80,2.1,"東北,NE",0.0,
467571,新竹,HSINCHU,署屬有人氣象站,2025-02-13T22:00:00+08:00,1016.3,14.9,80,2.1,"東北東,ENE",0.0,
467571,新竹,HSINCHU,署屬有人氣象站,2025-02-13T23:00:00+08:00,1016.0,15.2,78,1.9,"北,N",0.0,
467571,新竹,HSINCHU,署屬有人氣象站,2025-02-14T00:00:00+08:00,1015.9,15.4,78,1.8,"北北東,NNE",0.0,
467571,新竹,HSINCHU,署屬有人氣象站,2025-02-14T01:00:00+08:00,1015.4,15.5,79,2.4,"北北東,NNE",0.0,
467571,新竹,HSINCHU,署屬有人氣象站,2025-02-14T02:00:00+08:00,1014.9,15.7,80,1.1,"北北東,NNE",0.0,
467571,新竹,HSINCHU,署屬有人氣象站,2025-02-14T03:00:00+08:00,1014.2,15.6,82,0.7,"北,N",T,
467571,新竹,HSINCHU,署屬有人氣象站,2025-02-14T04:00:00+08:00,1014.0,15.7,82,0.2,"靜風,Calm",0.0,
467571,新竹,HSINCHU,署屬有人氣象站,2025-02-14T05:00:00+08:00,1014.4,15.8,84,0.1,"靜風,Calm",T,
467571,新竹,HSINCHU,署屬有人氣象站,2025-02-14T06:00:00+08:00,1014.9,15.1,93,0.3,"北北東,NNE",T,0.0
467571,新竹,HSINCHU,署屬有人氣象站,2025-02-14T07:00:00+08:00,1014.9,15.3,92,0.7,"北北東,NNE",T,0.0
467571,新竹,HSINCHU,署屬有人氣象站,2025-02-14T08:00:00+08:00,1015.4,16.2,88,0.9,"北,N",0.0,0.0
467571,新竹,HSINCHU,署屬有人氣象站,2025-02-14T09:00:00+08:00,1015.8,16.8,85,0.4,"東,E",T,0.0
467571,新竹,HSINCHU,署屬有人氣象站,2025-02-14T10:00:00+08:00,1015.6,17.5,85,0.7,"東南,SE",0.0,0.0
467571,新竹,HSINCHU,署屬有人氣象站,2025-02-14T11:00:00+08:00,1014.7,18.7,79,0.4,"東北東,ENE",0.0,0.0
467571,新竹,HSINCHU,署屬有人氣象站,2025-02-14T12:00:00+08:00,1014.0,19.3,76,1.6,"東北,NE",0.0,0.0
467571,新竹,HSINCHU,署屬有人氣象站,2025-02-14T13:00:00+08:00,1012.9,19.4,77,0.6,"東南東,ESE",0.0,0.0
467571,新竹,HSINCHU,署屬有人氣象站,2025-02-14T14:00:00+08:00,1012.7,18.5,83,1.8,"北,N",0.0,0.0
467571,新竹,HSINCHU,署屬有人氣象站,2025-02-14T15:00:00+08:00,1011.9,19.6,80,1.5,"東北,NE",0.0,0.3
467571,新竹,HSINCHU,署屬有人氣象站,2025-02-14T16:00:00+08:00,1011.6,20.3,78,0.4,"北北西,NNW",0.0,0.0
467571,新竹,HSINCHU,署屬有人氣象站,2025-02-14T17:00:00+08:00,1012.0,19.1,85,0.3,"北北西,NNW",0.0,0.0
467571,新竹,HSINCHU,署屬有人氣象站,2025-02-14T18:00:00+08:00,1012.6,18.2,89,0.8,"北北西,NNW",0.0,0.0
467571,新竹,HSINCHU,署屬有人氣象站,2025-02-14T19:00:00+08:00,1012.6,18.0,90,0.4,"東北東,ENE",0.0,0.0
467571,新竹,HSINCHU,署屬有人氣象站,2025-02-14T20:00:00+08:00,1012.7,18.1,90,0.0,"靜風,Calm",0.0,
467571,新竹,HSINCHU,署屬有人氣象站,2025-02-14T21:00:00+08:00,1013.1,18.0,91,0.3,"東北東,ENE",0.0,
467571,新竹,HSINCHU,署屬有人氣象站,2025-02-14T22:00:00+08:00,1013.1,18.0,92,0.1,"靜風,Calm",0.0,
467571,新竹,HSINCHU,署屬有人氣象站,2025-02-14T23:00:00+08:00,1013.2,17.8,91,0.1,"靜風,Calm",0.0,
467571,新竹,HSINCHU,署屬有人氣象站,2025-02-15T00:00:00+08:00,1013.3,17.4,94,0.2,"靜風,Calm",0.0,
467571,新竹,HSINCHU,署屬有人氣象站,2025-02-15T01:00:00+08:00,1013.4,16.9,97,0.3,"西北,NW",0.0,
467571,新竹,HSINCHU,署屬有人氣象站,2025-02-15T02:00:00+08:00,1013.0,16.7,98,0.3,"西北,NW",0.0,
467571,新竹,HSINCHU,署屬有人氣象站,2025-02-15T03:00:00+08:00,1012.7,16.9,98,0.0,"靜風,Calm",0.0,
467571,新竹,HSINCHU,署屬有人氣象站,2025-02-15T04:00:00+08:00,1012.7,16.9,98,0.9,"西北西,WNW",0.0,
467571,新竹,HSINCHU,署屬有人氣象站,2025-02-15T05:00:00+08:00,1012.8,16.3,99,0.0,"靜風,Calm",0.0,
467571,新竹,HSINCHU,署屬有人氣象站,2025-02-15T06:00:00+08:00,1012.9,16.5,99,0.2,"靜風,Calm",0.0,0.0
467571,新竹,HSINCHU,署屬有人氣象站,2025-02-15T07:00:00+08:00,1012.6,16.5,99,0.5,"東南東,ESE",0.0,0.0
467571,新竹,HSINCHU,署屬有人氣象站,2025-02-15T08:00:00+08:00,1012.5,17.1,94,0.2,"靜風,Calm",0.0,0.1
467571,新竹,HSINCHU,署屬有人氣象站,2025-02-15T09:00:00+08:00,1012.8,18.7,87,0.8,"北北西,NNW",0.0,0.7
467571,新竹,HSINCHU,署屬有人氣象站,2025-02-15T10:00:00+08:00,1013.0,18.5,89,1.1,"北北西,NNW",0.0,0.7
467571,新竹,HSINCHU,署屬有人氣象站,2025-02-15T11:00:00+08:00,1012.4,17.8,91,1.5,"西北西,WNW",0.0,0.1
467571,新竹,HSINCHU,署屬有人氣象站,2025-02-15T12:00:00+08:00,1011.2,18.1,90,1.4,"西北西,WNW",0.0,0.0
467571,新竹,HSINCHU,署屬有人氣象站,2025-02-15T13:00:00+08:00,1010.1,19.1,87,1.1,"西北西,WNW",0.0,0.6
467571,新竹,HSINCHU,署屬有人氣象站,2025-02-15T14:00:00+08:00,1009.4,19.9,82,1.3,"西,W",0.0,1.0
467571,新竹,HSINCHU,署屬有人氣象站,2025-02-15T15:00:00+08:00,1009.1,19.9,81,2.5,"西北西,WNW",0.0,1.0
467571,新竹,HSINCHU,署屬有人氣象站,2025-02-15T16:00:00+08:00,1009.8,16.5,92,1.5,"北北西,NNW",0.0,0.5
467571,新竹,HSINCHU,署屬有人氣象站,2025-02-15T17:00:00+08:00,1010.3,16.3,96,0.7,"北,N",0.0,0.0
467571,新竹,HSINCHU,署屬有人氣象站,2025-02-15T18:00:00+08:00,1010.5,16.5,95,0.7,"北,N",0.0,0.0
467571,新竹,HSINCHU,署屬有人氣象站,2025-02-15T19:00:00+08:00,1010.7,16.6,92,1.3,"北北東,NNE",0.0,0.0
467571,新竹,HSINCHU,署屬有人氣象站,2025-02-15T20:00:00+08:00,1011.1,17.0,92,0.4,"東南東,ESE",0.0,
467571,新竹,HSINCHU,署屬有人氣象站,2025-02-15T21:00:00+08:00,1011.2,16.9,92,0.8,"東,E",0.0,
467571,新竹,HSINCHU,署屬有人氣象站,2025-02-15T22:00:00+08:00,1012.2,16.8,93,2.7,"北,N",0.0,
467571,新竹,HSINCHU,署屬有人氣象站,2025-02-15T23:00:00+08:00,1012.4,16.4,96,1.1,"北北東,NNE",0.0,
467571,新竹,HSINCHU,署屬有人氣象站,2025-02-16T00:00:00+08:00,1012.5,16.7,96,1.0,"東南東,ESE",0.0,
467571,新竹,HSINCHU,署屬有人氣象站,2025-02-16T01:00:00+08:00,1012.5,16.8,96,0.5,"東南東,ESE",0.0,
467571,新竹,HSINCHU,署屬有人氣象站,2025-02-16T02:00:00+08:00,1012.8,16.7,95,1.0,"北,N",0.0,
467571,新竹,HSINCHU,署屬有人氣象站,2025-02-16T03:00:00+08:00,1012.4,16.6,95,0.8,"東北,NE",0.0,
467571,新竹,HSINCHU,署屬有人氣象站,2025-02-16T04:00:00+08:00,1012.7,16.6,94,0.5,"北北東,NNE",0.0,
467571,新竹,HSINCHU,署屬有人氣象站,2025-02-16T05:00:00+08:00,1013.1,16.7,93,1.0,"東北東,ENE",0.0,
467571,新竹,HSINCHU,署屬有人氣象站,2025-02-16T06:00:00+08:00,1013.4,16.9,92,1.3,"北,N",0.0,0.0
467571,新竹,HSINCHU,署屬有人氣象站,2025-02-16T07:00:00+08:00,1013.9,17.1,93,0.7,"東北,NE",0.0,0.0
467571,新竹,HSINCHU,署屬有人氣象站,2025-02-16T08:00:00+08:00,1014.6,17.6,91,2.3,"北北東,NNE",0.0,0.0
467571,新竹,HSINCHU,署屬有人氣象站,2025-02-16T09:00:00+08:00,1015.0,18.6,89,1.8,"北北東,NNE",0.0,0.0
467571,新竹,HSINCHU,署屬有人氣象站,2025-02-16T10:00:00+08:00,1015.5,18.6,89,2.1,"北北東,NNE",0.0,0.0
467571,新竹,HSINCHU,署屬有人氣象站,2025-02-16T11:00:00+08:00,1015.4,19.0,88,2.0,"北北東,NNE",0.0,0.0
467571,新竹,HSINCHU,署屬有人氣象站,2025-02-16T12:00:00+08:00,1014.8,21.3,77,2.7,"北北東,NNE",0.0,0.5
467571,新竹,HSINCHU,署屬有人氣象站,2025-02-16T13:00:00+08:00,1013.6,22.1,68,2.6,"北,N",0.0,1.0
467571,新竹,HSINCHU,署屬有人氣象站,2025-02-16T14:00:00+08:00,1012.8,21.3,73,3.8,"北,N",0.0,1.0
467571,新竹,HSINCHU,署屬有人氣象站,2025-02-16T15:00:00+08:00,1012.8,20.5,73,2.9,"北北東,NNE",0.0,1.0
467571,新竹,HSINCHU,署屬有人氣象站,2025-02-16T16:00:00+08:00,1013.5,20.4,72,3.9,"北北東,NNE",0.0,1.0
467571,新竹,HSINCHU,署屬有人氣象站,2025-02-16T17:00:00+08:00,1014.4,19.1,75,4.2,"北北東,NNE",0.0,0.8
467571,新竹,HSINCHU,署屬有人氣象站,2025-02-16T18:00:00+08:00,1014.7,18.4,78,1.7,"北北東,NNE",0.0,0.0
467571,新竹,HSINCHU,署屬有人氣象站,2025-02-16T19:00:00+08:00,1016.0,17.6,80,2.4,"北北東,NNE",0.0,0.0
467571,新竹,HSINCHU,署屬有人氣象站,2025-02-16T20:00:00+08:00,1016.7,17.6,77,2.1,"東北東,ENE",0.0,
467571,新竹,HSINCHU,署屬有人氣象站,2025-02-16T21:00:00+08:00,1017.4,17.4,77,2.9,"東北,NE",0.0,
467571,新竹,HSINCHU,署屬有人氣象站,2025-02-16T22:00:00+08:00,1017.6,17.0,76,1.1,"東北,NE",0.0,
467571,新竹,HSINCHU,署屬有人氣象站,2025-02-16T23:00:00+08:00,1017.6,16.9,75,2.7,"東,E",0.0,
467571,新竹,HSINCHU,署屬有人氣象站,2025-02-17T00:00:00+08:00,1017.4,17.0,68,2.9,"東北東,ENE",0.0,
467571,新竹,HSINCHU,署屬有人氣象站,2025-02-17T01:00:00+08:00,1017.0,17.0,59,1.9,"東北,NE",0.0,
467571,新竹,HSINCHU,署屬有人氣象站,2025-02-17T02:00:00+08:00,1016.8,16.9,55,2.9,"東北,NE",0.0,
467571,新竹,HSINCHU,署屬有人氣象站,2025-02-17T03:00:00+08:00,1016.8,16.7,56,2.7,"東北,NE",0.0,
467571,新竹,HSINCHU,署屬有人氣象站,2025-02-17T04:00:00+08:00,1016.7,16.7,54,3.3,"東北東,ENE",0.0,
467571,新竹,HSINCHU,署屬有人氣象站,2025-02-17T05:00:00+08:00,1016.8,16.6,51,2.2,"東北東,ENE",0.0,
467571,新竹,HSINCHU,署屬有人氣象站,2025-02-17T06:00:00+08:00,1017.3,16.2,52,1.8,"北北東,NNE",0.0,0.0
467571,新竹,HSINCHU,署屬有人氣象站,2025-02-17T07:00:00+08:00,1017.7,16.5,47,1.9,"北北東,NNE",0.0,0.0
467571,新竹,HSINCHU,署屬有人氣象站,2025-02-17T08:00:00+08:00,1017.7,17.4,45,4.5,"東北,NE",0.0,1.0
467571,新竹,HSINCHU,署屬有人氣象站,2025-02-17T09:00:00+08:00,1017.9,19.2,44,3.6,"東北,NE",0.0,1.0
467571,新竹,HSINCHU,署屬有人氣象站,2025-02-17T10:00:00+08:00,1017.5,20.3,42,4.6,"東北,NE",0.0,1.0
467571,新竹,HSINCHU,署屬有人氣象站,2025-02-17T11:00:00+08:00,1017.0,21.3,43,4.2,"東北東,ENE",0.0,1.0
467571,新竹,HSINCHU,署屬有人氣象站,2025-02-17T12:00:00+08:00,1016.5,22.0,42,4.3,"東北東,ENE",0.0,1.0
467571,新竹,HSINCHU,署屬有人氣象站,2025-02-17T13:00:00+08:00,1015.7,22.1,42,3.1,"東北東,ENE",0.0,1.0
467571,新竹,HSINCHU,署屬有人氣象站,2025-02-17T14:00:00+08:00,1014.8,22.7,43,3.3,"東北,NE",0.0,1.0
467571,新竹,HSINCHU,署屬有人氣象站,2025-02-17T15:00:00+08:00,1014.3,22.1,45,4.7,"北北東,NNE",0.0,1.0
467571,新竹,HSINCHU,署屬有人氣象站,2025-02-17T16:00:00+08:00,1014.3,20.4,48,3.4,"北北東,NNE",0.0,1.0
467571,新竹,HSINCHU,署屬有人氣象站,2025-02-17T17:00:00+08:00,1014.8,19.6,51,2.3,"北北東,NNE",0.0,0.8
467571,新竹,HSINCHU,署屬有人氣象站,2025-02-17T18:00:00+08:00,1015.5,18.5,55,2.5,"北北東,NNE",0.0,0.0
467571,新竹,HSINCHU,署屬有人氣象站,2025-02-17T19:00:00+08:00,1016.0,17.9,58,3.0,"東北東,ENE",0.0,0.0
467571,新竹,HSINCHU,署屬有人氣象站,2025-02-17T20:00:00+08:00,1016.7,17.5,60,1.3,"東北東,ENE",0.0,
467571,新竹,HSINCHU,署屬有人氣象站,2025-02-17T21:00:00+08:00,1017.4,17.5,60,1.6,"北北東,NNE",0.0,
467571,新竹,HSINCHU,署屬有人氣象站,2025-02-17T22:00:00+08:00,1017.8,18.0,59,1.6,"東北東,ENE",0.0,
467571,新竹,HSINCHU,署屬有人氣象站,2025-02-17T23:00:00+08:00,1018.2,18.1,59,2.1,"北北東,NNE",0.0,
467571,新竹,HSINCHU,署屬有人氣象站,2025-02-18T00:00:00+08:00,1018.3,17.7,66,3.0,"北北東,NNE",0.0,
467571,新竹,HSINCHU,署屬有人氣象站,2025-02-18T01:00:00+08:00,1019.1,16.7,71,3.2,"北北東,NNE",0.0,
467571,新竹,HSINCHU,署屬有人氣象站,2025-02-18T02:00:00+08:00,1018.9,15.8,79,2.2,"北北東,NNE",T,
467571,新竹,HSINCHU,署屬有人氣象站,2025-02-18T03:00:00+08:00,1017.8,15.4,82,2.1,"東北東,ENE",0.0,
467571,新竹,HSINCHU,署屬有人氣象站,2025-02-18T04:00:00+08:00,1018.0,15.5,81,1.9,"東北,NE",0.0,
467571,新竹,HSINCHU,署屬有人氣象站,2025-02-18T05:00:00+08:00,1018.4,15.6,80,2.4,"北北東,NNE",0.0,
467571,新竹,HSINCHU,署屬有人氣象站,2025-02-18T06:00:00+08:00,1019.0,15.6,78,2.2,"北北東,NNE",0.0,0.0
467571,新竹,HSINCHU,署屬有人氣象站,2025-02-18T07:00:00+08:00,1019.8,15.6,78,3.0,"東北,NE",0.0,0.0
467571,新竹,HSINCHU,署屬有人氣象站,2025-02-18T08:00:00+08:00,1020.1,15.8,78,2.4,"北北東,NNE",0.0,0.0
467571,新竹,HSINCHU,署屬有人氣象站,2025-02-18T09:00:00+08:00,1020.9,16.1,79,2.1,"北北東,NNE",0.0,0.0
467571,新竹,HSINCHU,署屬有人氣象站,2025-02-18T10:00:00+08:00,1020.8,16.7,78,2.6,"北北東,NNE",0.0,0.0
467571,新竹,HSINCHU,署屬有人氣象站,2025-02-18T11:00:00+08:00,1020.3,16.8,76,2.6,"北北東,NNE",0.0,0.0
467571,新竹,HSINCHU,署屬有人氣象站,2025-02-18T12:00:00+08:00,1019.1,17.3,74,2.9,"北北東,NNE",0.0,0.0
467571,新竹,HSINCHU,署屬有人氣象站,2025-02-18T13:00:00+08:00,1018.2,18.0,71,3.7,"北,N",0.0,0.2
467571,新竹,HSINCHU,署屬有人氣象站,2025-02-18T14:00:00+08:00,1017.7,17.6,69,3.6,"北北東,NNE",0.0,0.0
467571,新竹,HSINCHU,署屬有人氣象站,2025-02-18T15:00:00+08:00,1017.8,17.5,66,4.2,"東北,NE",0.0,0.2
467571,新竹,HSINCHU,署屬有人氣象站,2025-02-18T16:00:00+08:00,1017.9,16.5,75,3.1,"北北東,NNE",0.0,0.0
467571,新竹,HSINCHU,署屬有人氣象站,2025-02-18T17:00:00+08:00,1017.4,16.5,73,2.4,"東北,NE",0.0,0.0
467571,新竹,HSINCHU,署屬有人氣象站,2025-02-18T18:00:00+08:00,1018.1,15.6,77,3.5,"北北東,NNE",0.0,0.0
467571,新竹,HSINCHU,署屬有人氣象站,2025-02-18T19:00:00+08:00,1018.4,15.5,76,4.0,"東北,NE",0.0,0.0
467571,新竹,HSINCHU,署屬有人氣象站,2025-02-18T20:00:00+08:00,1018.5,15.3,77,2.3,"北北東,NNE",0.0,
467571,新竹,HSINCHU,署屬有人氣象站,2025-02-18T21:00:00+08:00,1018.9,15.2,78,3.2,"北北東,NNE",0.0,
467571,新竹,HSINCHU,署屬有人氣象站,2025-02-18T22:00:00+08:00,1019.0,15.1,79,1.8,"北北東,NNE",0.0,
467571,新竹,HSINCHU,署屬有人氣象站,2025-02-18T23:00:00+08:00,1019.3,15.2,78,1.9,"北北東,NNE",0.0,
467571,新竹,HSINCHU,署屬有人氣象站,2025-02-19T00:00:00+08:00,1018.7,15.1,78,2.7,"東北東,ENE",0.0,
467571,新竹,HSINCHU,署屬有人氣象站,2025-02-19T01:00:00+08:00,1018.7,15.1,76,2.8,"東北東,ENE",0.0,
467571,新竹,HSINCHU,署屬有人氣象站,2025-02-19T02:00:00+08:00,1018.0,15.4,72,1.7,"東北東,ENE",0.0,
467571,新竹,HSINCHU,署屬有人氣象站,2025-02-19T03:00:00+08:00,1017.5,15.5,71,2.4,"東北東,ENE",0.0,
467571,新竹,HSINCHU,署屬有人氣象站,2025-02-19T04:00:00+08:00,1017.1,15.3,73,2.9,"東北東,ENE",0.0,
467571,新竹,HSINCHU,署屬有人氣象站,2025-02-19T05:00:00+08:00,1017.5,15.6,72,1.4,"北北東,NNE",0.0,
467571,新竹,HSINCHU,署屬有人氣象站,2025-02-19T06:00:00+08:00,1018.6,15.8,71,1.4,"東北東,ENE",0.0,0.0
467571,新竹,HSINCHU,署屬有人氣象站,2025-02-19T07:00:00+08:00,1019.3,15.9,73,1.2,"東北東,ENE",0.0,0.0
467571,新竹,HSINCHU,署屬有人氣象站,2025-02-19T08:00:00+08:00,1019.7,16.1,72,1.5,"東,E",0.0,0.0
467571,新竹,HSINCHU,署屬有人氣象站,2025-02-19T09:00:00+08:00,1020.0,16.5,71,2.3,"東北東,ENE",0.0,0.0
467571,新竹,HSINCHU,署屬有人氣象站,2025-02-19T10:00:00+08:00,1019.9,17.0,69,2.4,"東北東,ENE",0.0,0.0
467571,新竹,HSINCHU,署屬有人氣象站,2025-02-19T11:00:00+08:00,1019.1,17.7,68,2.6,"東北東,ENE",0.0,0.0
467571,新竹,HSINCHU,署屬有人氣象站,2025-02-19T12:00:00+08:00,1018.3,18.5,66,2.7,"東北東,ENE",0.0,0.0
467571,新竹,HSINCHU,署屬有人氣象站,2025-02-19T13:00:00+08:00,1016.8,20.3,62,2.6,"東,E",0.0,0.9
467571,新竹,HSINCHU,署屬有人氣象站,2025-02-19T14:00:00+08:00,1016.1,21.4,59,1.9,"東北,NE",0.0,1.0
467571,新竹,HSINCHU,署屬有人氣象站,2025-02-19T15:00:00+08:00,1016.3,20.5,62,2.7,"東北,NE",0.0,0.2
467571,新竹,HSINCHU,署屬有人氣象站,2025-02-19T16:00:00+08:00,1016.5,20.0,65,1.8,"東,E",0.0,0.2
467571,新竹,HSINCHU,署屬有人氣象站,2025-02-19T17:00:00+08:00,1016.4,19.1,69,2.3,"東北東,ENE",0.0,0.2
467571,新竹,HSINCHU,署屬有人氣象站,2025-02-19T18:00:00+08:00,1016.6,18.2,73,1.7,"北北東,NNE",0.0,0.0
467571,新竹,HSINCHU,署屬有人氣象站,2025-02-19T19:00:00+08:00,1017.0,17.7,74,0.9,"東北東,ENE",0.0,0.0
467571,新竹,HSINCHU,署屬有人氣象站,2025-02-19T20:00:00+08:00,1017.4,17.4,76,0.5,"東北,NE",0.0,
467571,新竹,HSINCHU,署屬有人氣象站,2025-02-19T21:00:00+08:00,1017.8,17.2,76,0.9,"北北東,NNE",0.0,
467571,新竹,HSINCHU,署屬有人氣象站,2025-02-19T22:00:00+08:00,1017.9,16.7,79,0.9,"東,E",0.0,
467571,新竹,HSINCHU,署屬有人氣象站,2025-02-19T23:00:00+08:00,1018.0,16.2,83,0.2,"靜風,Calm",0.0,
467571,新竹,HSINCHU,署屬有人氣象站,2025-02-20T00:00:00+08:00,1018.1,15.4,88,0.3,"東,E",0.0,
467571,新竹,HSINCHU,署屬有人氣象站,2025-02-20T01:00:00+08:00,1018.2,15.3,89,0.2,"靜風,Calm",0.0,
467571,新竹,HSINCHU,署屬有人氣象站,2025-02-20T02:00:00+08:00,1018.1,15.4,89,0.2,"靜風,Calm",0.0,
467571,新竹,HSINCHU,署屬有人氣象站,2025-02-20T03:00:00+08:00,1018.0,15.4,90,0.3,"東,E",0.0,
467571,新竹,HSINCHU,署屬有人氣象站,2025-02-20T04:00:00+08:00,1017.9,15.6,91,0.3,"東北東,ENE",0.0,
467571,新竹,HSINCHU,署屬有人氣象站,2025-02-20T05:00:00+08:00,1018.2,15.7,92,0.3,"東南,SE",0.0,
467571,新竹,HSINCHU,署屬有人氣象站,2025-02-20T06:00:00+08:00,1018.6,16.1,91,0.5,"南南東,SSE",0.0,0.0
467571,新竹,HSINCHU,署屬有人氣象站,2025-02-20T07:00:00+08:00,1019.5,16.2,91,0.3,"東北,NE",0.0,0.0
467571,新竹,HSINCHU,署屬有人氣象站,2025-02-20T08:00:00+08:00,1020.0,16.6,89,0.6,"東南東,ESE",0.0,0.0
467571,新竹,HSINCHU,署屬有人氣象站,2025-02-20T09:00:00+08:00,1019.9,17.1,86,0.4,"東南,SE",0.0,0.0
467571,新竹,HSINCHU,署屬有人氣象站,2025-02-20T10:00:00+08:00,1019.4,19.2,76,1.3,"北,N",0.0,0.3
467571,新竹,HSINCHU,署屬有人氣象站,2025-02-20T11:00:00+08:00,1018.7,19.4,74,0.6,"北,N",0.0,0.2
467571,新竹,HSINCHU,署屬有人氣象站,2025-02-20T12:00:00+08:00,1017.6,21.1,69,2.0,"北北東,NNE",0.0,0.5
467571,新竹,HSINCHU,署屬有人氣象站,2025-02-20T13:00:00+08:00,1016.7,21.2,72,1.5,"北,N",0.0,0.2
467571,新竹,HSINCHU,署屬有人氣象站,2025-02-20T14:00:00+08:00,1016.1,20.3,76,2.9,"北,N",0.0,0.1
467571,新竹,HSINCHU,署屬有人氣象站,2025-02-20T15:00:00+08:00,1016.0,19.8,77,3.7,"北,N",0.0,0.2
467571,新竹,HSINCHU,署屬有人氣象站,2025-02-20T16:00:00+08:00,1015.9,19.7,78,2.1,"北北東,NNE",0.0,0.2
467571,新竹,HSINCHU,署屬有人氣象站,2025-02-20T17:00:00+08:00,1016.3,19.2,79,1.9,"北北東,NNE",0.0,0.0
467571,新竹,HSINCHU,署屬有人氣象站,2025-02-20T18:00:00+08:00,1017.1,18.4,85,2.9,"北,N",0.0,0.0
467571,新竹,HSINCHU,署屬有人氣象站,2025-02-20T19:00:00+08:00,1017.9,17.8,88,3.1,"北,N",0.0,0.0
467571,新竹,HSINCHU,署屬有人氣象站,2025-02-20T20:00:00+08:00,1018.5,17.1,90,3.2,"北北東,NNE",T,
467571,新竹,HSINCHU,署屬有人氣象站,2025-02-20T21:00:00+08:00,1018.8,16.9,88,3.2,"東北,NE",0.0,
467571,新竹,HSINCHU,署屬有人氣象站,2025-02-20T22:00:00+08:00,1019.0,17.1,86,2.3,"北北東,NNE",0.0,
467571,新竹,HSINCHU,署屬有人氣象站,2025-02-20T23:00:00+08:00,1019.3,16.8,86,3.5,"北北東,NNE",0.0,
467571,新竹,HSINCHU,署屬有人氣象站,2025-02-21T00:00:00+08:00,1019.8,16.7,87,2.4,"北,N",0.0,
467571,新竹,HSINCHU,署屬有人氣象站,2025-02-21T01:00:00+08:00,1019.6,15.5,93,3.3,"北,N",T,
467571,新竹,HSINCHU,署屬有人氣象站,2025-02-21T02:00:00+08:00,1019.5,14.9,94,2.3,"北北東,NNE",T,
467571,新竹,HSINCHU,署屬有人氣象站,2025-02-21T03:00:00+08:00,1019.7,14.8,94,1.5,"北,N",T,
467571,新竹,HSINCHU,署屬有人氣象站,2025-02-21T04:00:00+08:00,1019.9,14.8,95,1.8,"北,N",T,
467571,新竹,HSINCHU,署屬有人氣象站,2025-02-21T05:00:00+08:00,1020.1,14.9,92,0.9,"東北,NE",T,
467571,新竹,HSINCHU,署屬有人氣象站,2025-02-21T06:00:00+08:00,1021.1,14.4,93,2.5,"北,N",T,0.0
467571,新竹,HSINCHU,署屬有人氣象站,2025-02-21T07:00:00+08:00,1021.1,14.3,91,3.1,"東北東,ENE",0.5,0.0
467571,新竹,HSINCHU,署屬有人氣象站,2025-02-21T08:00:00+08:00,1021.3,14.9,87,2.7,"北北東,NNE",0.0,0.0
467571,新竹,HSINCHU,署屬有人氣象站,2025-02-21T09:00:00+08:00,1022.0,14.9,88,3.4,"北北東,NNE",T,0.0
467571,新竹,HSINCHU,署屬有人氣象站,2025-02-21T10:00:00+08:00,1021.9,14.9,88,3.3,"北北東,NNE",T,0.0
467571,新竹,HSINCHU,署屬有人氣象站,2025-02-21T11:00:00+08:00,1021.6,15.6,85,3.3,"北北東,NNE",T,0.0
467571,新竹,HSINCHU,署屬有人氣象站,2025-02-21T12:00:00+08:00,1021.2,15.9,82,4.3,"北北東,NNE",T,0.0
467571,新竹,HSINCHU,署屬有人氣象站,2025-02-21T13:00:00+08:00,1020.1,15.7,83,3.9,"北北東,NNE",0.0,0.0
467571,新竹,HSINCHU,署屬有人氣象站,2025-02-21T14:00:00+08:00,1019.6,16.4,78,3.7,"北北東,NNE",0.0,0.0
467571,新竹,HSINCHU,署屬有人氣象站,2025-02-21T15:00:00+08:00,1019.9,16.2,80,3.8,"北北東,NNE",0.0,0.1
467571,新竹,HSINCHU,署屬有人氣象站,2025-02-21T16:00:00+08:00,1019.7,15.6,83,3.4,"北北東,NNE",0.0,0.0
467571,新竹,HSINCHU,署屬有人氣象站,2025-02-21T17:00:00+08:00,1020.1,15.2,82,4.4,"東北,NE",0.0,0.0
467571,新竹,HSINCHU,署屬有人氣象站,2025-02-21T18:00:00+08:00,1020.9,14.9,81,4.1,"北北東,NNE",0.0,0.0
467571,新竹,HSINCHU,署屬有人氣象站,2025-02-21T19:00:00+08:00,1020.7,14.8,82,3.0,"北北東,NNE",0.0,0.0
467571,新竹,HSINCHU,署屬有人氣象站,2025-02-21T20:00:00+08:00,1021.1,15.1,79,3.6,"北北東,NNE",0.0,
467571,新竹,HSINCHU,署屬有人氣象站,2025-02-21T21:00:00+08:00,1021.4,14.9,79,4.1,"北北東,NNE",0.0,
467571,新竹,HSINCHU,署屬有人氣象站,2025-02-21T22:00:00+08:00,1021.5,14.8,80,3.0,"北北東,NNE",0.0,
467571,新竹,HSINCHU,署屬有人氣象站,2025-02-21T23:00:00+08:00,1021.3,14.9,79,4.6,"北北東,NNE",0.0,
467571,新竹,HSINCHU,署屬有人氣象站,2025-02-22T00:00:00+08:00,1021.0,14.8,79,2.8,"北北東,NNE",0.0,
467571,新竹,HSINCHU,署屬有人氣象站,2025-02-22T01:00:00+08:00,1021.0,14.7,80,2.9,"北北東,NNE",0.0,
467571,新竹,HSINCHU,署屬有人氣象站,2025-02-22T02:00:00+08:00,1020.6,14.7,80,2.2,"北北東,NNE",0.0,
467571,新竹,HSINCHU,署屬有人氣象站,2025-02-22T03:00:00+08:00,1020.0,14.9,80,2.0,"北北東,NNE",0.0,
467571,新竹,HSINCHU,署屬有人氣象站,2025-02-22T04:00:00+08:00,1019.8,15.1,80,1.8,"北北東,NNE",0.0,
467571,新竹,HSINCHU,署屬有人氣象站,2025-02-22T05:00:00+08:00,1019.8,15.1,79,2.6,"東北,NE",0.0,
467571,新竹,HSINCHU,署屬有人氣象站,2025-02-22T06:00:00+08:00,1020.4,15.1,80,1.9,"北北東,NNE",0.0,0.0
467571,新竹,HSINCHU,署屬有人氣象站,2025-02-22T07:00:00+08:00,1020.5,15.4,79,1.9,"北北東,NNE",0.0,0.0
467571,新竹,HSINCHU,署屬有人氣象站,2025-02-22T08:00:00+08:00,1020.3,16.8,74,2.0,"東北東,ENE",0.0,0.9
467571,新竹,HSINCHU,署屬有人氣象站,2025-02-22T09:00:00+08:00,1019.0,18.4,67,2.9,"東,E",0.0,1.0
467571,新竹,HSINCHU,署屬有人氣象站,2025-02-22T10:00:00+08:00,1019.3,20.5,61,2.0,"北北東,NNE",0.0,1.0
467571,新竹,HSINCHU,署屬有人氣象站,2025-02-22T11:00:00+08:00,1019.6,20.6,59,2.9,"北北東,NNE",0.0,0.7
467571,新竹,HSINCHU,署屬有人氣象站,2025-02-22T12:00:00+08:00,1018.7,21.0,60,3.7,"東北,NE",0.0,0.2
467571,新竹,HSINCHU,署屬有人氣象站,2025-02-22T13:00:00+08:00,1018.7,20.3,63,3.1,"東北東,ENE",0.0,0.1
467571,新竹,HSINCHU,署屬有人氣象站,2025-02-22T14:00:00+08:00,1017.7,19.4,68,4.1,"東北東,ENE",0.0,0.4
467571,新竹,HSINCHU,署屬有人氣象站,2025-02-22T15:00:00+08:00,1017.6,18.4,71,3.5,"北北東,NNE",0.0,0.0
467571,新竹,HSINCHU,署屬有人氣象站,2025-02-22T16:00:00+08:00,1017.6,18.0,73,2.9,"東北,NE",0.0,0.0
467571,新竹,HSINCHU,署屬有人氣象站,2025-02-22T17:00:00+08:00,1018.6,17.3,74,3.4,"北北東,NNE",0.0,0.0
467571,新竹,HSINCHU,署屬有人氣象站,2025-02-22T18:00:00+08:00,1019.3,16.9,75,3.0,"東北,NE",0.0,0.0
467571,新竹,HSINCHU,署屬有人氣象站,2025-02-22T19:00:00+08:00,1019.6,16.6,76,2.4,"東北,NE",0.0,0.0
467571,新竹,HSINCHU,署屬有人氣象站,2025-02-22T20:00:00+08:00,1020.3,16.6,77,2.1,"東北,NE",0.0,
467571,新竹,HSINCHU,署屬有人氣象站,2025-02-22T21:00:00+08:00,1021.3,16.7,78,2.6,"北,N",0.0,
467571,新竹,HSINCHU,署屬有人氣象站,2025-02-22T22:00:00+08:00,1021.7,16.2,84,2.7,"北北東,NNE",0.0,
467571,新竹,HSINCHU,署屬有人氣象站,2025-02-22T23:00:00+08:00,1021.8,15.8,86,2.4,"北北東,NNE",0.0,
467571,新竹,HSINCHU,署屬有人氣象站,2025-02-23T00:00:00+08:00,1021.5,15.5,87,2.6,"東北,NE",0.0,
467571,新竹,HSINCHU,署屬有人氣象站,2025-02-23T01:00:00+08:00,1021.6,15.3,86,3.0,"北北東,NNE",T,
467571,新竹,HSINCHU,署屬有人氣象站,2025-02-23T02:00:00+08:00,1021.4,15.4,88,2.4,"北北東,NNE",T,
467571,新竹,HSINCHU,署屬有人氣象站,2025-02-23T03:00:00+08:00,1021.0,15.1,89,2.9,"北北東,NNE",T,
467571,新竹,HSINCHU,署屬有人氣象站,2025-02-23T04:00:00+08:00,1021.4,15.2,90,2.2,"北,N",T,
467571,新竹,HSINCHU,署屬有人氣象站,2025-02-23T05:00:00+08:00,1021.5,14.7,93,2.1,"北,N",T,
467571,新竹,HSINCHU,署屬有人氣象站,2025-02-23T06:00:00+08:00,1023.0,15.0,94,2.0,"北,N",T,0.0
467571,新竹,HSINCHU,署屬有人氣象站,2025-02-23T07:00:00+08:00,1023.9,14.9,93,1.2,"北北東,NNE",0.5,0.0
467571,新竹,HSINCHU,署屬有人氣象站,2025-02-23T08:00:00+08:00,1024.8,14.9,94,2.6,"北,N",1.5,0.0
467571,新竹,HSINCHU,署屬有人氣象站,2025-02-23T09:00:00+08:00,1025.1,14.8,92,2.2,"東北,NE",0.5,0.0
467571,新竹,HSINCHU,署屬有人氣象站,2025-02-23T10:00:00+08:00,1025.3,15.3,90,2.7,"北北東,NNE",1.0,0.0
467571,新竹,HSINCHU,署屬有人氣象站,2025-02-23T11:00:00+08:00,1024.5,15.3,87,3.1,"北北東,NNE",T,0.0
467571,新竹,HSINCHU,署屬有人氣象站,2025-02-23T12:00:00+08:00,1023.5,15.5,88,4.1,"北北東,NNE",0.5,0.0
467571,新竹,HSINCHU,署屬有人氣象站,2025-02-23T13:00:00+08:00,1022.8,15.5,86,3.1,"北北東,NNE",T,0.0
467571,新竹,HSINCHU,署屬有人氣象站,2025-02-23T14:00:00+08:00,1022.6,15.3,85,4.3,"北北東,NNE",0.0,0.0
467571,新竹,HSINCHU,署屬有人氣象站,2025-02-23T15:00:00+08:00,1022.9,14.9,85,4.2,"北北東,NNE",0.0,0.0
467571,新竹,HSINCHU,署屬有人氣象站,2025-02-23T16:00:00+08:00,1023.1,14.5,86,3.9,"北北東,NNE",0.0,0.0
467571,新竹,HSINCHU,署屬有人氣象站,2025-02-23T17:00:00+08:00,1023.8,14.0,88,3.5,"北北東,NNE",T,0.0
467571,新竹,HSINCHU,署屬有人氣象站,2025-02-23T18:00:00+08:00,1024.2,13.4,89,5.2,"北北東,NNE",T,0.0
467571,新竹,HSINCHU,署屬有人氣象站,2025-02-23T19:00:00+08:00,1024.2,13.5,86,3.1,"北北東,NNE",T,0.0
467571,新竹,HSINCHU,署屬有人氣象站,2025-02-23T20:00:00+08:00,1025.1,13.9,83,3.9,"北北東,NNE",0.0,
467571,新竹,HSINCHU,署屬有人氣象站,2025-02-23T21:00:00+08:00,1025.8,14.0,81,3.7,"北北東,NNE",0.0,
467571,新竹,HSINCHU,署屬有人氣象站,2025-02-23T22:00:00+08:00,1026.2,13.6,83,2.9,"北北東,NNE",0.0,
467571,新竹,HSINCHU,署屬有人氣象站,2025-02-23T23:00:00+08:00,1026.4,13.6,84,3.1,"北北東,NNE",0.0,
467571,新竹,HSINCHU,署屬有人氣象站,2025-02-24T00:00:00+08:00,1026.0,13.6,81,3.4,"北北東,NNE",0.0,
467571,新竹,HSINCHU,署屬有人氣象站,2025-02-24T01:00:00+08:00,1025.6,13.4,83,3.5,"北北東,NNE",0.0,
467571,新竹,HSINCHU,署屬有人氣象站,2025-02-24T02:00:00+08:00,1025.4,13.3,83,4.2,"北北東,NNE",0.0,
467571,新竹,HSINCHU,署屬有人氣象站,2025-02-24T03:00:00+08:00,1025.3,13.1,83,3.7,"東北,NE",0.0,
467571,新竹,HSINCHU,署屬有人氣象站,2025-02-24T04:00:00+08:00,1025.4,13.1,81,3.4,"北北東,NNE",0.0,
467571,新竹,HSINCHU,署屬有人氣象站,2025-02-24T05:00:00+08:00,1026.0,12.8,87,3.2,"北北東,NNE",0.0,
467571,新竹,HSINCHU,署屬有人氣象站,2025-02-24T06:00:00+08:00,1027.0,12.4,87,4.3,"北北東,NNE",T,0.0
467571,新竹,HSINCHU,署屬有人氣象站,2025-02-24T07:00:00+08:00,1027.8,12.0,88,3.8,"北北東,NNE",T,0.0
467571,新竹,HSINCHU,署屬有人氣象站,2025-02-24T08:00:00+08:00,1028.1,12.1,88,3.9,"北北東,NNE",T,0.0
467571,新竹,HSINCHU,署屬有人氣象站,2025-02-24T09:00:00+08:00,1028.3,12.8,81,4.4,"北北東,NNE",0.0,0.0
467571,新竹,HSINCHU,署屬有人氣象站,2025-02-24T10:00:00+08:00,1028.1,13.2,78,3.5,"北北東,NNE",0.0,0.0
467571,新竹,HSINCHU,署屬有人氣象站,2025-02-24T11:00:00+08:00,1027.4,13.7,73,3.5,"東北,NE",0.0,0.0
467571,新竹,HSINCHU,署屬有人氣象站,2025-02-24T12:00:00+08:00,1026.5,14.7,67,4.1,"北北東,NNE",0.0,0.0
467571,新竹,HSINCHU,署屬有人氣象站,2025-02-24T13:00:00+08:00,1025.5,15.1,62,2.7,"東北,NE",0.0,0.0
467571,新竹,HSINCHU,署屬有人氣象站,2025-02-24T14:00:00+08:00,1024.5,14.9,64,4.5,"東北,NE",0.0,0.0
467571,新竹,HSINCHU,署屬有人氣象站,2025-02-24T15:00:00+08:00,1024.0,14.6,66,4.4,"北北東,NNE",0.0,0.0
467571,新竹,HSINCHU,署屬有人氣象站,2025-02-24T16:00:00+08:00,1023.6,14.5,65,3.5,"東北,NE",0.0,0.7
467571,新竹,HSINCHU,署屬有人氣象站,2025-02-24T17:00:00+08:00,1023.1,13.6,69,4.5,"東北,NE",0.0,1.0
467571,新竹,HSINCHU,署屬有人氣象站,2025-02-24T18:00:00+08:00,1022.9,13.0,71,3.6,"東北,NE",0.0,0.0
467571,新竹,HSINCHU,署屬有人氣象站,2025-02-24T19:00:00+08:00,1023.4,12.8,72,4.3,"北北東,NNE",0.0,0.0
467571,新竹,HSINCHU,署屬有人氣象站,2025-02-24T20:00:00+08:00,1024.3,12.8,73,3.5,"北北東,NNE",0.0,
467571,新竹,HSINCHU,署屬有人氣象站,2025-02-24T21:00:00+08:00,1024.5,12.9,74,2.8,"東北,NE",0.0,
467571,新竹,HSINCHU,署屬有人氣象站,2025-02-24T22:00:00+08:00,1025.1,13.3,73,3.4,"東北,NE",0.0,
467571,新竹,HSINCHU,署屬有人氣象站,2025-02-24T23:00:00+08:00,1024.7,13.6,72,2.7,"東北,NE",0.0,
467571,新竹,HSINCHU,署屬有人氣象站,2025-02-25T00:00:00+08:00,1023.9,13.9,71,2.3,"東北東,ENE",0.0,
467571,新竹,HSINCHU,署屬有人氣象站,2025-02-25T01:00:00+08:00,1022.9,14.2,71,2.9,"東北東,ENE",0.0,
467571,新竹,HSINCHU,署屬有人氣象站,2025-02-25T02:00:00+08:00,1022.0,14.1,72,1.8,"東北,NE",0.0,
467571,新竹,HSINCHU,署屬有人氣象站,2025-02-25T03:00:00+08:00,1021.5,14.1,73,0.9,"東南東,ESE",0.0,
467571,新竹,HSINCHU,署屬有人氣象站,2025-02-25T04:00:00+08:00,1021.3,14.3,72,0.9,"東南,SE",0.0,
467571,新竹,HSINCHU,署屬有人氣象站,2025-02-25T05:00:00+08:00,1021.9,14.3,73,0.4,"南南東,SSE",0.0,
467571,新竹,HSINCHU,署屬有人氣象站,2025-02-25T06:00:00+08:00,1022.8,14.2,76,0.8,"東北東,ENE",0.0,0.0
467571,新竹,HSINCHU,署屬有人氣象站,2025-02-25T07:00:00+08:00,1023.5,14.5,73,0.9,"南南東,SSE",0.0,0.0
467571,新竹,HSINCHU,署屬有人氣象站,2025-02-25T08:00:00+08:00,1024.1,14.8,74,0.8,"東北,NE",0.0,0.0
467571,新竹,HSINCHU,署屬有人氣象站,2025-02-25T09:00:00+08:00,1024.6,15.5,72,1.0,"東,E",0.0,0.0
467571,新竹,HSINCHU,署屬有人氣象站,2025-02-25T10:00:00+08:00,1023.6,17.6,68,1.1,"東,E",0.0,0.5
467571,新竹,HSINCHU,署屬有人氣象站,2025-02-25T11:00:00+08:00,1023.0,19.3,62,0.6,"西南西,WSW",0.0,1.0
467571,新竹,HSINCHU,署屬有人氣象站,2025-02-25T12:00:00+08:00,1022.0,20.4,57,0.9,"西北西,WNW",0.0,1.0
467571,新竹,HSINCHU,署屬有人氣象站,2025-02-25T13:00:00+08:00,1020.9,20.6,61,1.7,"西,W",0.0,1.0
467571,新竹,HSINCHU,署屬有人氣象站,2025-02-25T14:00:00+08:00,1020.1,19.7,60,2.0,"西北西,WNW",0.0,0.9
467571,新竹,HSINCHU,署屬有人氣象站,2025-02-25T15:00:00+08:00,1020.0,19.1,62,2.3,"西北西,WNW",0.0,0.9
467571,新竹,HSINCHU,署屬有人氣象站,2025-02-25T16:00:00+08:00,1020.9,17.2,78,1.7,"西北西,WNW",0.0,0.8
467571,新竹,HSINCHU,署屬有人氣象站,2025-02-25T17:00:00+08:00,1021.5,14.9,84,1.4,"北,N",0.0,0.0
467571,新竹,HSINCHU,署屬有人氣象站,2025-02-25T18:00:00+08:00,1021.6,14.6,85,1.0,"北,N",0.0,0.0
467571,新竹,HSINCHU,署屬有人氣象站,2025-02-25T19:00:00+08:00,1021.8,15.0,85,0.6,"北北東,NNE",0.0,0.0
467571,新竹,HSINCHU,署屬有人氣象站,2025-02-25T20:00:00+08:00,1021.9,14.9,86,1.0,"北,N",0.0,
467571,新竹,HSINCHU,署屬有人氣象站,2025-02-25T21:00:00+08:00,1022.3,14.9,86,0.1,"靜風,Calm",0.0,
467571,新竹,HSINCHU,署屬有人氣象站,2025-02-25T22:00:00+08:00,1022.5,15.2,85,0.3,"北北東,NNE",0.0,
467571,新竹,HSINCHU,署屬有人氣象站,2025-02-25T23:00:00+08:00,1023.0,15.2,86,0.9,"西北西,WNW",0.0,
467571,新竹,HSINCHU,署屬有人氣象站,2025-02-26T00:00:00+08:00,1022.7,15.2,87,0.1,"靜風,Calm",T,
467571,新竹,HSINCHU,署屬有人氣象站,2025-02-26T01:00:00+08:00,1022.2,15.2,89,0.4,"西北西,WNW",T,
467571,新竹,HSINCHU,署屬有人氣象站,2025-02-26T02:00:00+08:00,1021.7,15.3,92,0.2,"靜風,Calm",T,
467571,新竹,HSINCHU,署屬有人氣象站,2025-02-26T03:00:00+08:00,1021.3,15.2,91,0.5,"東北東,ENE",T,
467571,新竹,HSINCHU,署屬有人氣象站,2025-02-26T04:00:00+08:00,1020.7,15.2,92,1.1,"北,N",T,
467571,新竹,HSINCHU,署屬有人氣象站,2025-02-26T05:00:00+08:00,1021.0,15.2,93,0.3,"東南,SE",T,
467571,新竹,HSINCHU,署屬有人氣象站,2025-02-26T06:00:00+08:00,1021.7,15.0,95,0.2,"靜風,Calm",T,0.0
467571,新竹,HSINCHU,署屬有人氣象站,2025-02-26T07:00:00+08:00,1021.8,15.2,95,0.1,"靜風,Calm",0.5,0.0
467571,新竹,HSINCHU,署屬有人氣象站,2025-02-26T08:00:00+08:00,1022.1,15.5,94,0.6,"東南東,ESE",T,0.0
467571,新竹,HSINCHU,署屬有人氣象站,2025-02-26T09:00:00+08:00,1022.6,15.9,94,0.5,"東南東,ESE",T,0.0
467571,新竹,HSINCHU,署屬有人氣象站,2025-02-26T10:00:00+08:00,1022.3,15.9,96,0.7,"東南,SE",T,0.0
467571,新竹,HSINCHU,署屬有人氣象站,2025-02-26T11:00:00+08:00,1021.2,16.5,95,1.3,"北北東,NNE",0.5,0.0
467571,新竹,HSINCHU,署屬有人氣象站,2025-02-26T12:00:00+08:00,1020.3,17.6,90,1.8,"北,N",0.0,0.0
467571,新竹,HSINCHU,署屬有人氣象站,2025-02-26T13:00:00+08:00,1019.1,17.9,87,2.3,"東北,NE",T,0.0
467571,新竹,HSINCHU,署屬有人氣象站,2025-02-26T14:00:00+08:00,1017.8,18.3,86,2.4,"北,N",0.0,0.0
467571,新竹,HSINCHU,署屬有人氣象站,2025-02-26T15:00:00+08:00,1017.7,18.0,86,2.7,"北,N",0.0,0.0
467571,新竹,HSINCHU,署屬有人氣象站,2025-02-26T16:00:00+08:00,1017.6,17.5,88,2.8,"北,N",T,0.0
467571,新竹,HSINCHU,署屬有人氣象站,2025-02-26T17:00:00+08:00,1017.3,17.4,88,1.6,"北北東,NNE",0.0,0.0
467571,新竹,HSINCHU,署屬有人氣象站,2025-02-26T18:00:00+08:00,1017.7,17.3,89,1.5,"北北東,NNE",0.0,0.0
467571,新竹,HSINCHU,署屬有人氣象站,2025-02-26T19:00:00+08:00,1017.7,17.2,91,1.0,"東北東,ENE",0.0,0.0
467571,新竹,HSINCHU,署屬有人氣象站,2025-02-26T20:00:00+08:00,1017.8,17.4,91,0.5,"北,N",0.0,
467571,新竹,HSINCHU,署屬有人氣象站,2025-02-26T21:00:00+08:00,1017.9,17.5,91,0.5,"北,N",0.0,
467571,新竹,HSINCHU,署屬有人氣象站,2025-02-26T22:00:00+08:00,1018.3,17.5,91,0.3,"南南西,SSW",0.0,
467571,新竹,HSINCHU,署屬有人氣象站,2025-02-26T23:00:00+08:00,1018.1,17.3,92,0.9,"西北,NW",0.0,
467571,新竹,HSINCHU,署屬有人氣象站,2025-02-27T00:00:00+08:00,1017.6,16.8,94,0.7,"西北西,WNW",0.0,